Phase,PhaseIdent,X(m),Y(m),MaterialId,ElementId,Ux(m),Uy(m),Utot(m),PUx(m),PUy(m),PUt(m),U1(m),U2(m),Eff NormalStress (kPa),Tot Normal Stress (kPa),Shear Stress (kPa),Rel Shear Stress (kPa),Excess Porewater (kPa),Active Porewater (kPa),Steady Porewater (kPa),Suction Porewater (kPa),Porewater (kPa),Effective Suction Porewater (kPa)
Phase_11,Install base slab to +12 [Phase_11],0.428571,11.650000,3,1,0.005718,0.001024,0.005809,0.000021,-0.000363,0.000364,-0.005718,0.001024,-12.290843,-12.290843,-3.981291,0.106623,0.000000,0.000000,0.000000,0.000000,0.000000,0.000000
Phase_11,Install base slab to +12 [Phase_11],0.321429,11.650000,3,1,0.006002,0.000953,0.006077,0.000022,-0.000353,0.000353,-0.006002,0.000953,-13.476259,-13.476259,-4.168960,0.110552,0.000000,0.000000,0.000000,0.000000,0.000000,0.000000
Phase_11,Install base slab to +12 [Phase_11],0.214286,11.650000,3,1,0.006301,0.000867,0.006360,0.000022,-0.000342,0.000343,-0.006301,0.000867,-16.757175,-16.757175,-4.359437,0.112544,0.000000,0.000000,0.000000,0.000000,0.000000,0.000000
Phase_11,Install base slab to +12 [Phase_11],0.107143,11.650000,3,1,0.006756,0.000638,0.006786,0.000020,-0.000331,0.000331,-0.006756,0.000638,-21.617485,-21.617485,-3.522805,0.087515,0.000000,0.000000,0.000000,0.000000,0.000000,0.000000
Phase_11,Install base slab to +12 [Phase_11],0.000000,11.650000,3,1,0.007630,0.000171,0.007632,0.000008,-0.000327,0.000327,-0.007630,0.000171,0.000000,0.000000,0.000000,0.000000,0.000000,0.000000,0.000000,0.000000,0.000000,0.000000
Phase_11,Install base slab to +12 [Phase_11],0.857143,11.650000,3,2,0.004908,0.001154,0.005041,0.000019,-0.000401,0.000402,-0.004908,0.001154,-11.361013,-11.361013,-3.336683,0.090060,0.000000,0.000000,0.000000,0.000000,0.000000,0.000000
Phase_11,Install base slab to +12 [Phase_11],0.750000,11.650000,3,2,0.005075,0.001130,0.005199,0.000019,-0.000392,0.000392,-0.005075,0.001130,-11.345795,-11.345795,-3.492617,0.094281,0.000000,0.000000,0.000000,0.000000,0.000000,0.000000
Phase_11,Install base slab to +12 [Phase_11],0.642857,11.650000,3,2,0.005264,0.001099,0.005377,0.000020,-0.000382,0.000383,-0.005264,0.001099,-11.393979,-11.393979,-3.654178,0.098602,0.000000,0.000000,0.000000,0.000000,0.000000,0.000000
Phase_11,Install base slab to +12 [Phase_11],0.535714,11.650000,3,2,0.005479,0.001065,0.005582,0.000020,-0.000373,0.000373,-0.005479,0.001065,-11.811272,-11.811272,-3.814242,0.102561,0.000000,0.000000,0.000000,0.000000,0.000000,0.000000
Phase_11,Install base slab to +12 [Phase_11],0.428571,11.650000,3,2,0.005718,0.001024,0.005809,0.000021,-0.000363,0.000364,-0.005718,0.001024,-12.290843,-12.290843,-3.981291,0.106623,0.000000,0.000000,0.000000,0.000000,0.000000,0.000000
Phase_11,Install base slab to +12 [Phase_11],1.285714,11.650000,3,3,0.004362,0.001223,0.004531,0.000017,-0.000437,0.000437,-0.004362,0.001223,-12.308168,-12.308168,-2.767926,0.074117,0.000000,0.000000,0.000000,0.000000,0.000000,0.000000
Phase_11,Install base slab to +12 [Phase_11],1.178571,11.650000,3,3,0.004482,0.001209,0.004642,0.000017,-0.000428,0.000428,-0.004482,0.001209,-12.017122,-12.017122,-2.900175,0.077848,0.000000,0.000000,0.000000,0.000000,0.000000,0.000000
Phase_11,Install base slab to +12 [Phase_11],1.071429,11.650000,3,3,0.004613,0.001190,0.004764,0.000018,-0.000419,0.000420,-0.004613,0.001190,-11.729887,-11.729887,-3.038524,0.081758,0.000000,0.000000,0.000000,0.000000,0.000000,0.000000
Phase_11,Install base slab to +12 [Phase_11],0.964286,11.650000,3,3,0.004755,0.001175,0.004898,0.000018,-0.000410,0.000411,-0.004755,0.001175,-11.525489,-11.525489,-3.184821,0.085842,0.000000,0.000000,0.000000,0.000000,0.000000,0.000000
Phase_11,Install base slab to +12 [Phase_11],0.857143,11.650000,3,3,0.004908,0.001154,0.005041,0.000019,-0.000401,0.000402,-0.004908,0.001154,-11.361013,-11.361013,-3.336683,0.090060,0.000000,0.000000,0.000000,0.000000,0.000000,0.000000
Phase_11,Install base slab to +12 [Phase_11],1.714286,11.650000,3,4,0.003974,0.001273,0.004173,0.000015,-0.000469,0.000469,-0.003974,0.001273,-13.496782,-13.496782,-2.279342,0.060433,0.000000,0.000000,0.000000,0.000000,0.000000,0.000000
Phase_11,Install base slab to +12 [Phase_11],1.607143,11.650000,3,4,0.004060,0.001264,0.004252,0.000015,-0.000461,0.000461,-0.004060,0.001264,-13.202687,-13.202687,-2.397235,0.063714,0.000000,0.000000,0.000000,0.000000,0.000000,0.000000
Phase_11,Install base slab to +12 [Phase_11],1.500000,11.650000,3,4,0.004153,0.001251,0.004337,0.000016,-0.000453,0.000453,-0.004153,0.001251,-12.909633,-12.909633,-2.517605,0.067077,0.000000,0.000000,0.000000,0.000000,0.000000,0.000000
Phase_11,Install base slab to +12 [Phase_11],1.392857,11.650000,3,4,0.004253,0.001239,0.004430,0.000016,-0.000445,0.000445,-0.004253,0.001239,-12.610427,-12.610427,-2.640926,0.070538,0.000000,0.000000,0.000000,0.000000,0.000000,0.000000
Phase_11,Install base slab to +12 [Phase_11],1.285714,11.650000,3,4,0.004362,0.001223,0.004531,0.000017,-0.000437,0.000437,-0.004362,0.001223,-12.308168,-12.308168,-2.767926,0.074117,0.000000,0.000000,0.000000,0.000000,0.000000,0.000000
Phase_11,Install base slab to +12 [Phase_11],2.142857,11.650000,3,5,0.003676,0.001298,0.003898,0.000013,-0.000498,0.000498,-0.003676,0.001298,-14.646291,-14.646291,-1.845020,0.048456,0.000000,0.000000,0.000000,0.000000,0.000000,0.000000
Phase_11,Install base slab to +12 [Phase_11],2.035714,11.650000,3,5,0.003745,0.001294,0.003962,0.000014,-0.000491,0.000491,-0.003745,0.001294,-14.370283,-14.370283,-1.947988,0.051277,0.000000,0.000000,0.000000,0.000000,0.000000,0.000000
Phase_11,Install base slab to +12 [Phase_11],1.928571,11.650000,3,5,0.003817,0.001288,0.004028,0.000014,-0.000484,0.000484,-0.003817,0.001288,-14.088202,-14.088202,-2.054508,0.054206,0.000000,0.000000,0.000000,0.000000,0.000000,0.000000
Phase_11,Install base slab to +12 [Phase_11],1.821429,11.650000,3,5,0.003893,0.001282,0.004099,0.000014,-0.000477,0.000477,-0.003893,0.001282,-13.792894,-13.792894,-2.165041,0.057262,0.000000,0.000000,0.000000,0.000000,0.000000,0.000000
Phase_11,Install base slab to +12 [Phase_11],1.714286,11.650000,3,5,0.003974,0.001273,0.004173,0.000015,-0.000469,0.000469,-0.003974,0.001273,-13.496782,-13.496782,-2.279342,0.060433,0.000000,0.000000,0.000000,0.000000,0.000000,0.000000
Phase_11,Install base slab to +12 [Phase_11],2.571429,11.650000,3,6,0.003422,0.001305,0.003662,0.000012,-0.000524,0.000524,-0.003422,0.001305,-15.610871,-15.610871,-1.463882,0.038145,0.000000,0.000000,0.000000,0.000000,0.000000,0.000000
Phase_11,Install base slab to +12 [Phase_11],2.464286,11.650000,3,6,0.003483,0.001304,0.003719,0.000012,-0.000518,0.000518,-0.003483,0.001304,-15.386856,-15.386856,-1.554873,0.040590,0.000000,0.000000,0.000000,0.000000,0.000000,0.000000
Phase_11,Install base slab to +12 [Phase_11],2.357143,11.650000,3,6,0.003545,0.001303,0.003777,0.000012,-0.000512,0.000512,-0.003545,0.001303,-15.157334,-15.157334,-1.648578,0.043116,0.000000,0.000000,0.000000,0.000000,0.000000,0.000000
Phase_11,Install base slab to +12 [Phase_11],2.250000,11.650000,3,6,0.003609,0.001301,0.003837,0.000013,-0.000505,0.000505,-0.003609,0.001301,-14.904520,-14.904520,-1.745243,0.045739,0.000000,0.000000,0.000000,0.000000,0.000000,0.000000
Phase_11,Install base slab to +12 [Phase_11],2.142857,11.650000,3,6,0.003676,0.001298,0.003898,0.000013,-0.000498,0.000498,-0.003676,0.001298,-14.646291,-14.646291,-1.845020,0.048456,0.000000,0.000000,0.000000,0.000000,0.000000,0.000000
Phase_11,Install base slab to +12 [Phase_11],3.000000,11.650000,3,7,0.003193,0.001304,0.003449,0.000010,-0.000547,0.000547,-0.003193,0.001304,-16.364407,-16.364407,-1.126746,0.029181,0.000000,0.000000,0.000000,0.000000,0.000000,0.000000
Phase_11,Install base slab to +12 [Phase_11],2.892857,11.650000,3,7,0.003249,0.001304,0.003501,0.000011,-0.000541,0.000542,-0.003249,0.001304,-16.192135,-16.192135,-1.207174,0.031307,0.000000,0.000000,0.000000,0.000000,0.000000,0.000000
Phase_11,Install base slab to +12 [Phase_11],2.785714,11.650000,3,7,0.003305,0.001305,0.003553,0.000011,-0.000536,0.000536,-0.003305,0.001305,-16.015141,-16.015141,-1.290050,0.033505,0.000000,0.000000,0.000000,0.000000,0.000000,0.000000
Phase_11,Install base slab to +12 [Phase_11],2.678571,11.650000,3,7,0.003363,0.001305,0.003607,0.000011,-0.000530,0.000530,-0.003363,0.001305,-15.815509,-15.815509,-1.375628,0.035785,0.000000,0.000000,0.000000,0.000000,0.000000,0.000000
Phase_11,Install base slab to +12 [Phase_11],2.571429,11.650000,3,7,0.003422,0.001305,0.003662,0.000012,-0.000524,0.000524,-0.003422,0.001305,-15.610871,-15.610871,-1.463882,0.038145,0.000000,0.000000,0.000000,0.000000,0.000000,0.000000
Phase_11,Install base slab to +12 [Phase_11],3.428571,11.650000,3,8,0.002983,0.001303,0.003255,0.000009,-0.000567,0.000567,-0.002983,0.001303,-16.926823,-16.926823,-0.830338,0.021407,0.000000,0.000000,0.000000,0.000000,0.000000,0.000000
Phase_11,Install base slab to +12 [Phase_11],3.321429,11.650000,3,8,0.003034,0.001303,0.003302,0.000009,-0.000562,0.000562,-0.003034,0.001303,-16.800062,-16.800062,-0.900800,0.023247,0.000000,0.000000,0.000000,0.000000,0.000000,0.000000
Phase_11,Install base slab to +12 [Phase_11],3.214286,11.650000,3,8,0.003086,0.001303,0.003350,0.000010,-0.000557,0.000557,-0.003086,0.001303,-16.669429,-16.669429,-0.973549,0.025151,0.000000,0.000000,0.000000,0.000000,0.000000,0.000000
Phase_11,Install base slab to +12 [Phase_11],3.107143,11.650000,3,8,0.003139,0.001303,0.003399,0.000010,-0.000552,0.000552,-0.003139,0.001303,-16.519059,-16.519059,-1.048917,0.027131,0.000000,0.000000,0.000000,0.000000,0.000000,0.000000
Phase_11,Install base slab to +12 [Phase_11],3.000000,11.650000,3,8,0.003193,0.001304,0.003449,0.000010,-0.000547,0.000547,-0.003193,0.001304,-16.364407,-16.364407,-1.126746,0.029181,0.000000,0.000000,0.000000,0.000000,0.000000,0.000000
Phase_11,Install base slab to +12 [Phase_11],3.857143,11.650000,3,9,0.002787,0.001306,0.003078,0.000008,-0.000584,0.000584,-0.002787,0.001306,-17.328735,-17.328735,-0.572765,0.014719,0.000000,0.000000,0.000000,0.000000,0.000000,0.000000
Phase_11,Install base slab to +12 [Phase_11],3.750000,11.650000,3,9,0.002835,0.001305,0.003121,0.000008,-0.000580,0.000580,-0.002835,0.001305,-17.239549,-17.239549,-0.633690,0.016296,0.000000,0.000000,0.000000,0.000000,0.000000,0.000000
Phase_11,Install base slab to +12 [Phase_11],3.642857,11.650000,3,9,0.002884,0.001304,0.003165,0.000008,-0.000576,0.000576,-0.002884,0.001304,-17.147182,-17.147182,-0.696771,0.017932,0.000000,0.000000,0.000000,0.000000,0.000000,0.000000
Phase_11,Install base slab to +12 [Phase_11],3.535714,11.650000,3,9,0.002933,0.001303,0.003209,0.000009,-0.000571,0.000571,-0.002933,0.001303,-17.038817,-17.038817,-0.762405,0.019638,0.000000,0.000000,0.000000,0.000000,0.000000,0.000000
Phase_11,Install base slab to +12 [Phase_11],3.428571,11.650000,3,9,0.002983,0.001303,0.003255,0.000009,-0.000567,0.000567,-0.002983,0.001303,-16.926823,-16.926823,-0.830338,0.021407,0.000000,0.000000,0.000000,0.000000,0.000000,0.000000
Phase_11,Install base slab to +12 [Phase_11],4.285714,11.650000,3,10,0.002602,0.001314,0.002915,0.000007,-0.000598,0.000598,-0.002602,0.001314,-17.602116,-17.602116,-0.352292,0.009033,0.000000,0.000000,0.000000,0.000000,0.000000,0.000000
Phase_11,Install base slab to +12 [Phase_11],4.178571,11.650000,3,10,0.002647,0.001312,0.002955,0.000007,-0.000595,0.000595,-0.002647,0.001312,-17.542803,-17.542803,-0.404097,0.010367,0.000000,0.000000,0.000000,0.000000,0.000000,0.000000
Phase_11,Install base slab to +12 [Phase_11],4.071429,11.650000,3,10,0.002693,0.001310,0.002995,0.000007,-0.000591,0.000591,-0.002693,0.001310,-17.480598,-17.480598,-0.457964,0.011754,0.000000,0.000000,0.000000,0.000000,0.000000,0.000000
Phase_11,Install base slab to +12 [Phase_11],3.964286,11.650000,3,10,0.002740,0.001308,0.003036,0.000008,-0.000588,0.000588,-0.002740,0.001308,-17.406204,-17.406204,-0.514285,0.013208,0.000000,0.000000,0.000000,0.000000,0.000000,0.000000
Phase_11,Install base slab to +12 [Phase_11],3.857143,11.650000,3,10,0.002787,0.001306,0.003078,0.000008,-0.000584,0.000584,-0.002787,0.001306,-17.328735,-17.328735,-0.572765,0.014719,0.000000,0.000000,0.000000,0.000000,0.000000,0.000000
Phase_11,Install base slab to +12 [Phase_11],4.714286,11.650000,3,11,0.002426,0.001327,0.002765,0.000006,-0.000611,0.000611,-0.002426,0.001327,-17.776904,-17.776904,-0.166869,0.004273,0.000000,0.000000,0.000000,0.000000,0.000000,0.000000
Phase_11,Install base slab to +12 [Phase_11],4.607143,11.650000,3,11,0.002469,0.001324,0.002802,0.000006,-0.000608,0.000608,-0.002469,0.001324,-17.740146,-17.740146,-0.210072,0.005381,0.000000,0.000000,0.000000,0.000000,0.000000,0.000000
Phase_11,Install base slab to +12 [Phase_11],4.500000,11.650000,3,11,0.002513,0.001320,0.002839,0.000006,-0.000605,0.000605,-0.002513,0.001320,-17.700787,-17.700787,-0.255327,0.006542,0.000000,0.000000,0.000000,0.000000,0.000000,0.000000
Phase_11,Install base slab to +12 [Phase_11],4.392857,11.650000,3,11,0.002557,0.001317,0.002877,0.000007,-0.000602,0.000602,-0.002557,0.001317,-17.652979,-17.652979,-0.302725,0.007759,0.000000,0.000000,0.000000,0.000000,0.000000,0.000000
Phase_11,Install base slab to +12 [Phase_11],4.285714,11.650000,3,11,0.002602,0.001314,0.002915,0.000007,-0.000598,0.000598,-0.002602,0.001314,-17.602116,-17.602116,-0.352292,0.009033,0.000000,0.000000,0.000000,0.000000,0.000000,0.000000
Phase_11,Install base slab to +12 [Phase_11],5.142857,11.650000,3,12,0.002257,0.001343,0.002627,0.000005,-0.000621,0.000621,-0.002257,0.001343,-17.878190,-17.878190,-0.014182,0.000363,0.000000,0.000000,0.000000,0.000000,0.000000,0.000000
Phase_11,Install base slab to +12 [Phase_11],5.035714,11.650000,3,12,0.002299,0.001339,0.002660,0.000005,-0.000619,0.000619,-0.002299,0.001339,-17.857856,-17.857856,-0.049438,0.001265,0.000000,0.000000,0.000000,0.000000,0.000000,0.000000
Phase_11,Install base slab to +12 [Phase_11],4.928571,11.650000,3,12,0.002341,0.001335,0.002695,0.000006,-0.000616,0.000616,-0.002341,0.001335,-17.835896,-17.835896,-0.086565,0.002216,0.000000,0.000000,0.000000,0.000000,0.000000,0.000000
Phase_11,Install base slab to +12 [Phase_11],4.821429,11.650000,3,12,0.002383,0.001331,0.002730,0.000006,-0.000614,0.000614,-0.002383,0.001331,-17.807396,-17.807396,-0.125721,0.003218,0.000000,0.000000,0.000000,0.000000,0.000000,0.000000
Phase_11,Install base slab to +12 [Phase_11],4.714286,11.650000,3,12,0.002426,0.001327,0.002765,0.000006,-0.000611,0.000611,-0.002426,0.001327,-17.776904,-17.776904,-0.166869,0.004273,0.000000,0.000000,0.000000,0.000000,0.000000,0.000000
Phase_11,Install base slab to +12 [Phase_11],5.571429,11.650000,3,13,0.002094,0.001362,0.002498,0.000004,-0.000630,0.000630,-0.002094,0.001362,-17.926560,-17.926560,0.108324,0.002770,0.000000,0.000000,0.000000,0.000000,0.000000,0.000000
Phase_11,Install base slab to +12 [Phase_11],5.464286,11.650000,3,13,0.002135,0.001357,0.002529,0.000005,-0.000628,0.000628,-0.002135,0.001357,-17.917923,-17.917923,0.080353,0.002055,0.000000,0.000000,0.000000,0.000000,0.000000,0.000000
Phase_11,Install base slab to +12 [Phase_11],5.357143,11.650000,3,13,0.002175,0.001352,0.002561,0.000005,-0.000626,0.000626,-0.002175,0.001352,-17.908283,-17.908283,0.050696,0.001297,0.000000,0.000000,0.000000,0.000000,0.000000,0.000000
Phase_11,Install base slab to +12 [Phase_11],5.250000,11.650000,3,13,0.002216,0.001348,0.002594,0.000005,-0.000624,0.000624,-0.002216,0.001348,-17.893850,-17.893850,0.019157,0.000490,0.000000,0.000000,0.000000,0.000000,0.000000,0.000000
Phase_11,Install base slab to +12 [Phase_11],5.142857,11.650000,3,13,0.002257,0.001343,0.002627,0.000005,-0.000621,0.000621,-0.002257,0.001343,-17.878190,-17.878190,-0.014182,0.000363,0.000000,0.000000,0.000000,0.000000,0.000000,0.000000
Phase_11,Install base slab to +12 [Phase_11],6.000000,11.650000,3,14,0.001937,0.001381,0.002378,0.000004,-0.000638,0.000638,-0.001937,0.001381,-17.938402,-17.938402,0.203403,0.005202,0.000000,0.000000,0.000000,0.000000,0.000000,0.000000
Phase_11,Install base slab to +12 [Phase_11],5.892857,11.650000,3,14,0.001976,0.001376,0.002408,0.000004,-0.000636,0.000636,-0.001976,0.001376,-17.937733,-17.937733,0.182025,0.004655,0.000000,0.000000,0.000000,0.000000,0.000000,0.000000
Phase_11,Install base slab to +12 [Phase_11],5.785714,11.650000,3,14,0.002015,0.001371,0.002437,0.000004,-0.000634,0.000634,-0.002015,0.001371,-17.936470,-17.936470,0.159137,0.004070,0.000000,0.000000,0.000000,0.000000,0.000000,0.000000
Phase_11,Install base slab to +12 [Phase_11],5.678571,11.650000,3,14,0.002054,0.001366,0.002467,0.000004,-0.000632,0.000632,-0.002054,0.001366,-17.931886,-17.931886,0.134537,0.003441,0.000000,0.000000,0.000000,0.000000,0.000000,0.000000
Phase_11,Install base slab to +12 [Phase_11],5.571429,11.650000,3,14,0.002094,0.001362,0.002498,0.000004,-0.000630,0.000630,-0.002094,0.001362,-17.926560,-17.926560,0.108324,0.002770,0.000000,0.000000,0.000000,0.000000,0.000000,0.000000
Phase_11,Install base slab to +12 [Phase_11],6.428571,11.650000,3,15,0.001783,0.001399,0.002267,0.000003,-0.000644,0.000644,-0.001783,0.001399,-17.926288,-17.926288,0.273876,0.007004,0.000000,0.000000,0.000000,0.000000,0.000000,0.000000
Phase_11,Install base slab to +12 [Phase_11],6.321429,11.650000,3,15,0.001821,0.001395,0.002294,0.000003,-0.000642,0.000642,-0.001821,0.001395,-17.930737,-17.930737,0.258387,0.006608,0.000000,0.000000,0.000000,0.000000,0.000000,0.000000
Phase_11,Install base slab to +12 [Phase_11],6.214286,11.650000,3,15,0.001859,0.001390,0.002322,0.000003,-0.000641,0.000641,-0.001859,0.001390,-17.934872,-17.934872,0.241558,0.006177,0.000000,0.000000,0.000000,0.000000,0.000000,0.000000
Phase_11,Install base slab to +12 [Phase_11],6.107143,11.650000,3,15,0.001898,0.001385,0.002350,0.000004,-0.000639,0.000639,-0.001898,0.001385,-17.936846,-17.936846,0.223198,0.005708,0.000000,0.000000,0.000000,0.000000,0.000000,0.000000
Phase_11,Install base slab to +12 [Phase_11],6.000000,11.650000,3,15,0.001937,0.001381,0.002378,0.000004,-0.000638,0.000638,-0.001937,0.001381,-17.938402,-17.938402,0.203403,0.005202,0.000000,0.000000,0.000000,0.000000,0.000000,0.000000
Phase_11,Install base slab to +12 [Phase_11],6.857143,11.650000,3,16,0.001634,0.001417,0.002162,0.000003,-0.000649,0.000649,-0.001634,0.001417,-17.899541,-17.899541,0.322530,0.008250,0.000000,0.000000,0.000000,0.000000,0.000000,0.000000
Phase_11,Install base slab to +12 [Phase_11],6.750000,11.650000,3,16,0.001671,0.001412,0.002188,0.000003,-0.000648,0.000648,-0.001671,0.001412,-17.907057,-17.907057,0.312246,0.007987,0.000000,0.000000,0.000000,0.000000,0.000000,0.000000
Phase_11,Install base slab to +12 [Phase_11],6.642857,11.650000,3,16,0.001708,0.001408,0.002214,0.000003,-0.000647,0.000647,-0.001708,0.001408,-17.914391,-17.914391,0.300777,0.007693,0.000000,0.000000,0.000000,0.000000,0.000000,0.000000
Phase_11,Install base slab to +12 [Phase_11],6.535714,11.650000,3,16,0.001746,0.001404,0.002240,0.000003,-0.000645,0.000645,-0.001746,0.001404,-17.920435,-17.920435,0.287960,0.007365,0.000000,0.000000,0.000000,0.000000,0.000000,0.000000
Phase_11,Install base slab to +12 [Phase_11],6.428571,11.650000,3,16,0.001783,0.001399,0.002267,0.000003,-0.000644,0.000644,-0.001783,0.001399,-17.926288,-17.926288,0.273876,0.007004,0.000000,0.000000,0.000000,0.000000,0.000000,0.000000
Phase_11,Install base slab to +12 [Phase_11],7.285714,11.650000,3,17,0.001487,0.001432,0.002065,0.000002,-0.000653,0.000653,-0.001487,0.001432,-17.865044,-17.865044,0.352058,0.009008,0.000000,0.000000,0.000000,0.000000,0.000000,0.000000
Phase_11,Install base slab to +12 [Phase_11],7.178571,11.650000,3,17,0.001524,0.001429,0.002089,0.000002,-0.000652,0.000652,-0.001524,0.001429,-17.874117,-17.874117,0.346318,0.008861,0.000000,0.000000,0.000000,0.000000,0.000000,0.000000
Phase_11,Install base slab to +12 [Phase_11],7.071429,11.650000,3,17,0.001560,0.001425,0.002113,0.000002,-0.000651,0.000651,-0.001560,0.001425,-17.882925,-17.882925,0.339537,0.008687,0.000000,0.000000,0.000000,0.000000,0.000000,0.000000
Phase_11,Install base slab to +12 [Phase_11],6.964286,11.650000,3,17,0.001597,0.001421,0.002137,0.000003,-0.000650,0.000650,-0.001597,0.001421,-17.891373,-17.891373,0.331594,0.008483,0.000000,0.000000,0.000000,0.000000,0.000000,0.000000
Phase_11,Install base slab to +12 [Phase_11],6.857143,11.650000,3,17,0.001634,0.001417,0.002162,0.000003,-0.000649,0.000649,-0.001634,0.001417,-17.899541,-17.899541,0.322530,0.008250,0.000000,0.000000,0.000000,0.000000,0.000000,0.000000
Phase_11,Install base slab to +12 [Phase_11],7.714286,11.650000,3,18,0.001344,0.001446,0.001974,0.000002,-0.000657,0.000657,-0.001344,0.001446,-17.827590,-17.827590,0.364980,0.009342,0.000000,0.000000,0.000000,0.000000,0.000000,0.000000
Phase_11,Install base slab to +12 [Phase_11],7.607143,11.650000,3,18,0.001380,0.001443,0.001996,0.000002,-0.000656,0.000656,-0.001380,0.001443,-17.837075,-17.837075,0.363165,0.009295,0.000000,0.000000,0.000000,0.000000,0.000000,0.000000
Phase_11,Install base slab to +12 [Phase_11],7.500000,11.650000,3,18,0.001415,0.001440,0.002019,0.000002,-0.000655,0.000655,-0.001415,0.001440,-17.846461,-17.846461,0.360457,0.009225,0.000000,0.000000,0.000000,0.000000,0.000000,0.000000
Phase_11,Install base slab to +12 [Phase_11],7.392857,11.650000,3,18,0.001451,0.001436,0.002042,0.000002,-0.000654,0.000654,-0.001451,0.001436,-17.855819,-17.855819,0.356740,0.009129,0.000000,0.000000,0.000000,0.000000,0.000000,0.000000
Phase_11,Install base slab to +12 [Phase_11],7.285714,11.650000,3,18,0.001487,0.001432,0.002065,0.000002,-0.000653,0.000653,-0.001487,0.001432,-17.865044,-17.865044,0.352058,0.009008,0.000000,0.000000,0.000000,0.000000,0.000000,0.000000
Phase_11,Install base slab to +12 [Phase_11],8.142857,11.650000,3,19,0.001203,0.001458,0.001891,0.000002,-0.000660,0.000660,-0.001203,0.001458,-17.790347,-17.790347,0.363627,0.009310,0.000000,0.000000,0.000000,0.000000,0.000000,0.000000
Phase_11,Install base slab to +12 [Phase_11],8.035714,11.650000,3,19,0.001238,0.001456,0.001911,0.000002,-0.000659,0.000659,-0.001238,0.001456,-17.799556,-17.799556,0.365174,0.009349,0.000000,0.000000,0.000000,0.000000,0.000000,0.000000
Phase_11,Install base slab to +12 [Phase_11],7.928571,11.650000,3,19,0.001273,0.001453,0.001932,0.000002,-0.000658,0.000658,-0.001273,0.001453,-17.808772,-17.808772,0.365961,0.009368,0.000000,0.000000,0.000000,0.000000,0.000000,0.000000
Phase_11,Install base slab to +12 [Phase_11],7.821429,11.650000,3,19,0.001308,0.001450,0.001953,0.000002,-0.000658,0.000658,-0.001308,0.001450,-17.818180,-17.818180,0.365882,0.009366,0.000000,0.000000,0.000000,0.000000,0.000000,0.000000
Phase_11,Install base slab to +12 [Phase_11],7.714286,11.650000,3,19,0.001344,0.001446,0.001974,0.000002,-0.000657,0.000657,-0.001344,0.001446,-17.827590,-17.827590,0.364980,0.009342,0.000000,0.000000,0.000000,0.000000,0.000000,0.000000
Phase_11,Install base slab to +12 [Phase_11],8.571429,11.650000,3,20,0.001064,0.001469,0.001814,0.000001,-0.000662,0.000662,-0.001064,0.001469,-17.755385,-17.755385,0.350126,0.008967,0.000000,0.000000,0.000000,0.000000,0.000000,0.000000
Phase_11,Install base slab to +12 [Phase_11],8.464286,11.650000,3,20,0.001099,0.001466,0.001832,0.000001,-0.000662,0.000662,-0.001099,0.001466,-17.763883,-17.763883,0.354524,0.009079,0.000000,0.000000,0.000000,0.000000,0.000000,0.000000
Phase_11,Install base slab to +12 [Phase_11],8.357143,11.650000,3,20,0.001133,0.001464,0.001851,0.000001,-0.000661,0.000661,-0.001133,0.001464,-17.772460,-17.772460,0.358279,0.009174,0.000000,0.000000,0.000000,0.000000,0.000000,0.000000
Phase_11,Install base slab to +12 [Phase_11],8.250000,11.650000,3,20,0.001168,0.001461,0.001871,0.000001,-0.000660,0.000660,-0.001168,0.001461,-17.781360,-17.781360,0.361302,0.009251,0.000000,0.000000,0.000000,0.000000,0.000000,0.000000
Phase_11,Install base slab to +12 [Phase_11],8.142857,11.650000,3,20,0.001203,0.001458,0.001891,0.000002,-0.000660,0.000660,-0.001203,0.001458,-17.790347,-17.790347,0.363627,0.009310,0.000000,0.000000,0.000000,0.000000,0.000000,0.000000
Phase_11,Install base slab to +12 [Phase_11],9.000000,11.650000,3,21,0.000927,0.001477,0.001744,0.000001,-0.000664,0.000664,-0.000927,0.001477,-17.723937,-17.723937,0.326402,0.008361,0.000000,0.000000,0.000000,0.000000,0.000000,0.000000
Phase_11,Install base slab to +12 [Phase_11],8.892857,11.650000,3,21,0.000961,0.001475,0.001761,0.000001,-0.000664,0.000664,-0.000961,0.001475,-17.731471,-17.731471,0.333189,0.008535,0.000000,0.000000,0.000000,0.000000,0.000000,0.000000
Phase_11,Install base slab to +12 [Phase_11],8.785714,11.650000,3,21,0.000995,0.001473,0.001778,0.000001,-0.000663,0.000663,-0.000995,0.001473,-17.739140,-17.739140,0.339437,0.008694,0.000000,0.000000,0.000000,0.000000,0.000000,0.000000
Phase_11,Install base slab to +12 [Phase_11],8.678571,11.650000,3,21,0.001030,0.001471,0.001796,0.000001,-0.000663,0.000663,-0.001030,0.001471,-17.747190,-17.747190,0.345075,0.008838,0.000000,0.000000,0.000000,0.000000,0.000000,0.000000
Phase_11,Install base slab to +12 [Phase_11],8.571429,11.650000,3,21,0.001064,0.001469,0.001814,0.000001,-0.000662,0.000662,-0.001064,0.001469,-17.755385,-17.755385,0.350126,0.008967,0.000000,0.000000,0.000000,0.000000,0.000000,0.000000
Phase_11,Install base slab to +12 [Phase_11],9.428571,11.650000,3,22,0.000792,0.001484,0.001682,0.000001,-0.000666,0.000666,-0.000792,0.001484,-17.696629,-17.696629,0.294186,0.007538,0.000000,0.000000,0.000000,0.000000,0.000000,0.000000
Phase_11,Install base slab to +12 [Phase_11],9.321429,11.650000,3,22,0.000826,0.001483,0.001697,0.000001,-0.000665,0.000665,-0.000826,0.001483,-17.703094,-17.703094,0.302946,0.007762,0.000000,0.000000,0.000000,0.000000,0.000000,0.000000
Phase_11,Install base slab to +12 [Phase_11],9.214286,11.650000,3,22,0.000859,0.001481,0.001712,0.000001,-0.000665,0.000665,-0.000859,0.001481,-17.709718,-17.709718,0.311260,0.007974,0.000000,0.000000,0.000000,0.000000,0.000000,0.000000
Phase_11,Install base slab to +12 [Phase_11],9.107143,11.650000,3,22,0.000893,0.001479,0.001728,0.000001,-0.000665,0.000665,-0.000893,0.001479,-17.716735,-17.716735,0.319076,0.008174,0.000000,0.000000,0.000000,0.000000,0.000000,0.000000
Phase_11,Install base slab to +12 [Phase_11],9.000000,11.650000,3,22,0.000927,0.001477,0.001744,0.000001,-0.000664,0.000664,-0.000927,0.001477,-17.723937,-17.723937,0.326402,0.008361,0.000000,0.000000,0.000000,0.000000,0.000000,0.000000
Phase_11,Install base slab to +12 [Phase_11],9.857143,11.650000,3,23,0.000658,0.001490,0.001629,0.000001,-0.000667,0.000667,-0.000658,0.001490,-17.673731,-17.673731,0.255030,0.006536,0.000000,0.000000,0.000000,0.000000,0.000000,0.000000
Phase_11,Install base slab to +12 [Phase_11],9.750000,11.650000,3,23,0.000691,0.001489,0.001641,0.000001,-0.000667,0.000667,-0.000691,0.001489,-17.679114,-17.679114,0.265387,0.006801,0.000000,0.000000,0.000000,0.000000,0.000000,0.000000
Phase_11,Install base slab to +12 [Phase_11],9.642857,11.650000,3,23,0.000725,0.001487,0.001654,0.000001,-0.000666,0.000666,-0.000725,0.001487,-17.684570,-17.684570,0.275391,0.007057,0.000000,0.000000,0.000000,0.000000,0.000000,0.000000
Phase_11,Install base slab to +12 [Phase_11],9.535714,11.650000,3,23,0.000758,0.001486,0.001668,0.000001,-0.000666,0.000666,-0.000758,0.001486,-17.690545,-17.690545,0.284985,0.007302,0.000000,0.000000,0.000000,0.000000,0.000000,0.000000
Phase_11,Install base slab to +12 [Phase_11],9.428571,11.650000,3,23,0.000792,0.001484,0.001682,0.000001,-0.000666,0.000666,-0.000792,0.001484,-17.696629,-17.696629,0.294186,0.007538,0.000000,0.000000,0.000000,0.000000,0.000000,0.000000
Phase_11,Install base slab to +12 [Phase_11],10.285714,11.650000,3,24,0.000525,0.001494,0.001584,0.000001,-0.000668,0.000668,-0.000525,0.001494,-17.655293,-17.655293,0.210329,0.005391,0.000000,0.000000,0.000000,0.000000,0.000000,0.000000
Phase_11,Install base slab to +12 [Phase_11],10.178571,11.650000,3,24,0.000558,0.001493,0.001594,0.000001,-0.000668,0.000668,-0.000558,0.001493,-17.659566,-17.659566,0.221950,0.005688,0.000000,0.000000,0.000000,0.000000,0.000000,0.000000
Phase_11,Install base slab to +12 [Phase_11],10.071429,11.650000,3,24,0.000591,0.001492,0.001605,0.000001,-0.000667,0.000667,-0.000591,0.001492,-17.663919,-17.663919,0.233295,0.005979,0.000000,0.000000,0.000000,0.000000,0.000000,0.000000
Phase_11,Install base slab to +12 [Phase_11],9.964286,11.650000,3,24,0.000625,0.001491,0.001617,0.000001,-0.000667,0.000667,-0.000625,0.001491,-17.668779,-17.668779,0.244318,0.006261,0.000000,0.000000,0.000000,0.000000,0.000000,0.000000
Phase_11,Install base slab to +12 [Phase_11],9.857143,11.650000,3,24,0.000658,0.001490,0.001629,0.000001,-0.000667,0.000667,-0.000658,0.001490,-17.673731,-17.673731,0.255030,0.006536,0.000000,0.000000,0.000000,0.000000,0.000000,0.000000
Phase_11,Install base slab to +12 [Phase_11],10.714286,11.650000,3,25,0.000393,0.001498,0.001548,0.000000,-0.000669,0.000669,-0.000393,0.001498,-17.641190,-17.641190,0.161351,0.004136,0.000000,0.000000,0.000000,0.000000,0.000000,0.000000
Phase_11,Install base slab to +12 [Phase_11],10.607143,11.650000,3,25,0.000426,0.001497,0.001556,0.000000,-0.000668,0.000668,-0.000426,0.001497,-17.644385,-17.644385,0.173929,0.004458,0.000000,0.000000,0.000000,0.000000,0.000000,0.000000
Phase_11,Install base slab to +12 [Phase_11],10.500000,11.650000,3,25,0.000459,0.001496,0.001565,0.000000,-0.000668,0.000668,-0.000459,0.001496,-17.647667,-17.647667,0.186303,0.004775,0.000000,0.000000,0.000000,0.000000,0.000000,0.000000
Phase_11,Install base slab to +12 [Phase_11],10.392857,11.650000,3,25,0.000492,0.001495,0.001574,0.000000,-0.000668,0.000668,-0.000492,0.001495,-17.651431,-17.651431,0.198435,0.005086,0.000000,0.000000,0.000000,0.000000,0.000000,0.000000
Phase_11,Install base slab to +12 [Phase_11],10.285714,11.650000,3,25,0.000525,0.001494,0.001584,0.000001,-0.000668,0.000668,-0.000525,0.001494,-17.655293,-17.655293,0.210329,0.005391,0.000000,0.000000,0.000000,0.000000,0.000000,0.000000
Phase_11,Install base slab to +12 [Phase_11],11.142857,11.650000,3,26,0.000262,0.001500,0.001523,0.000000,-0.000669,0.000669,-0.000262,0.001500,-17.631267,-17.631267,0.109257,0.002801,0.000000,0.000000,0.000000,0.000000,0.000000,0.000000
Phase_11,Install base slab to +12 [Phase_11],11.035714,11.650000,3,26,0.000294,0.001499,0.001528,0.000000,-0.000669,0.000669,-0.000294,0.001499,-17.633425,-17.633425,0.122512,0.003141,0.000000,0.000000,0.000000,0.000000,0.000000,0.000000
Phase_11,Install base slab to +12 [Phase_11],10.928571,11.650000,3,26,0.000327,0.001499,0.001534,0.000000,-0.000669,0.000669,-0.000327,0.001499,-17.635677,-17.635677,0.135626,0.003477,0.000000,0.000000,0.000000,0.000000,0.000000,0.000000
Phase_11,Install base slab to +12 [Phase_11],10.821429,11.650000,3,26,0.000360,0.001498,0.001541,0.000000,-0.000669,0.000669,-0.000360,0.001498,-17.638381,-17.638381,0.148574,0.003809,0.000000,0.000000,0.000000,0.000000,0.000000,0.000000
Phase_11,Install base slab to +12 [Phase_11],10.714286,11.650000,3,26,0.000393,0.001498,0.001548,0.000000,-0.000669,0.000669,-0.000393,0.001498,-17.641190,-17.641190,0.161351,0.004136,0.000000,0.000000,0.000000,0.000000,0.000000,0.000000
Phase_11,Install base slab to +12 [Phase_11],11.571429,11.650000,3,27,0.000131,0.001501,0.001507,0.000000,-0.000669,0.000669,-0.000131,0.001501,-17.625382,-17.625382,0.055130,0.001413,0.000000,0.000000,0.000000,0.000000,0.000000,0.000000
Phase_11,Install base slab to +12 [Phase_11],11.464286,11.650000,3,27,0.000163,0.001501,0.001510,0.000000,-0.000669,0.000669,-0.000163,0.001501,-17.626535,-17.626535,0.068796,0.001764,0.000000,0.000000,0.000000,0.000000,0.000000,0.000000
Phase_11,Install base slab to +12 [Phase_11],11.357143,11.650000,3,27,0.000196,0.001501,0.001513,0.000000,-0.000669,0.000669,-0.000196,0.001501,-17.627792,-17.627792,0.082383,0.002112,0.000000,0.000000,0.000000,0.000000,0.000000,0.000000
Phase_11,Install base slab to +12 [Phase_11],11.250000,11.650000,3,27,0.000229,0.001500,0.001518,0.000000,-0.000669,0.000669,-0.000229,0.001500,-17.629475,-17.629475,0.095874,0.002458,0.000000,0.000000,0.000000,0.000000,0.000000,0.000000
Phase_11,Install base slab to +12 [Phase_11],11.142857,11.650000,3,27,0.000262,0.001500,0.001523,0.000000,-0.000669,0.000669,-0.000262,0.001500,-17.631267,-17.631267,0.109257,0.002801,0.000000,0.000000,0.000000,0.000000,0.000000,0.000000
Phase_11,Install base slab to +12 [Phase_11],12.000000,11.650000,3,28,0.000000,0.001502,0.001502,0.000000,-0.000669,0.000669,0.000000,0.001502,-17.623435,-17.623435,0.000000,0.000000,0.000000,0.000000,0.000000,0.000000,0.000000,0.000000
Phase_11,Install base slab to +12 [Phase_11],11.892857,11.650000,3,28,0.000033,0.001502,0.001502,0.000000,-0.000669,0.000669,-0.000033,0.001502,-17.623602,-17.623602,0.013823,0.000354,0.000000,0.000000,0.000000,0.000000,0.000000,0.000000
Phase_11,Install base slab to +12 [Phase_11],11.785714,11.650000,3,28,0.000065,0.001502,0.001503,0.000000,-0.000669,0.000669,-0.000065,0.001502,-17.623888,-17.623888,0.027627,0.000708,0.000000,0.000000,0.000000,0.000000,0.000000,0.000000
Phase_11,Install base slab to +12 [Phase_11],11.678571,11.650000,3,28,0.000098,0.001501,0.001505,0.000000,-0.000669,0.000669,-0.000098,0.001501,-17.624577,-17.624577,0.041402,0.001061,0.000000,0.000000,0.000000,0.000000,0.000000,0.000000
Phase_11,Install base slab to +12 [Phase_11],11.571429,11.650000,3,28,0.000131,0.001501,0.001507,0.000000,-0.000669,0.000669,-0.000131,0.001501,-17.625382,-17.625382,0.055130,0.001413,0.000000,0.000000,0.000000,0.000000,0.000000,0.000000
Phase_12,Remove temp prop [Phase_12],0.428571,11.650000,3,1,0.006899,0.001635,0.007090,0.001180,0.000611,0.001329,-0.006899,0.001635,-29.725367,-29.725367,-42.786981,1.000000,0.000000,0.000000,0.000000,0.000000,0.000000,0.000000
Phase_12,Remove temp prop [Phase_12],0.321429,11.650000,3,1,0.007251,0.001593,0.007424,0.001249,0.000640,0.001404,-0.007251,0.001593,-62.972101,-62.972101,-53.174130,1.000000,0.000000,0.000000,0.000000,0.000000,0.000000,0.000000
Phase_12,Remove temp prop [Phase_12],0.214286,11.650000,3,1,0.007574,0.001530,0.007727,0.001274,0.000663,0.001436,-0.007574,0.001530,-77.878454,-77.878454,-57.831264,1.000000,0.000000,0.000000,0.000000,0.000000,0.000000,0.000000
Phase_12,Remove temp prop [Phase_12],0.107143,11.650000,3,1,0.007820,0.001319,0.007930,0.001063,0.000681,0.001263,-0.007820,0.001319,-77.970105,-77.970105,-57.859898,1.000000,0.000000,0.000000,0.000000,0.000000,0.000000,0.000000
Phase_12,Remove temp prop [Phase_12],0.000000,11.650000,3,1,0.007774,0.000854,0.007821,0.000144,0.000683,0.000698,-0.007774,0.000854,0.000000,0.000000,0.000000,0.000000,0.000000,0.000000,0.000000,0.000000,0.000000,0.000000
Phase_12,Remove temp prop [Phase_12],0.857143,11.650000,3,2,0.005831,0.001688,0.006071,0.000924,0.000534,0.001067,-0.005831,0.001688,-37.741475,-37.741475,-45.291423,1.000000,0.000000,0.000000,0.000000,0.000000,0.000000,0.000000
Phase_12,Remove temp prop [Phase_12],0.750000,11.650000,3,2,0.006061,0.001684,0.006291,0.000987,0.000555,0.001132,-0.006061,0.001684,-39.166224,-39.166224,-45.736552,1.000000,0.000000,0.000000,0.000000,0.000000,0.000000,0.000000
Phase_12,Remove temp prop [Phase_12],0.642857,11.650000,3,2,0.006314,0.001674,0.006532,0.001050,0.000575,0.001197,-0.006314,0.001674,-41.092510,-41.092510,-46.338374,1.000000,0.000000,0.000000,0.000000,0.000000,0.000000,0.000000
Phase_12,Remove temp prop [Phase_12],0.535714,11.650000,3,2,0.006593,0.001660,0.006799,0.001114,0.000595,0.001263,-0.006593,0.001660,-40.542832,-40.542832,-46.166640,1.000000,0.000000,0.000000,0.000000,0.000000,0.000000,0.000000
Phase_12,Remove temp prop [Phase_12],0.428571,11.650000,3,2,0.006899,0.001635,0.007090,0.001180,0.000611,0.001329,-0.006899,0.001635,-29.725367,-29.725367,-42.786981,1.000000,0.000000,0.000000,0.000000,0.000000,0.000000,0.000000
Phase_12,Remove temp prop [Phase_12],1.285714,11.650000,3,3,0.005057,0.001670,0.005326,0.000695,0.000447,0.000826,-0.005057,0.001670,-19.196508,-19.196508,-39.497491,1.000000,0.000000,0.000000,0.000000,0.000000,0.000000,0.000000
Phase_12,Remove temp prop [Phase_12],1.178571,11.650000,3,3,0.005230,0.001678,0.005492,0.000747,0.000469,0.000883,-0.005230,0.001678,-26.358277,-26.358277,-41.735015,1.000000,0.000000,0.000000,0.000000,0.000000,0.000000,0.000000
Phase_12,Remove temp prop [Phase_12],1.071429,11.650000,3,3,0.005417,0.001680,0.005672,0.000805,0.000490,0.000942,-0.005417,0.001680,-26.965895,-26.965895,-41.924850,1.000000,0.000000,0.000000,0.000000,0.000000,0.000000,0.000000
Phase_12,Remove temp prop [Phase_12],0.964286,11.650000,3,3,0.005619,0.001687,0.005867,0.000864,0.000512,0.001004,-0.005619,0.001687,-33.179940,-33.179940,-43.866280,1.000000,0.000000,0.000000,0.000000,0.000000,0.000000,0.000000
Phase_12,Remove temp prop [Phase_12],0.857143,11.650000,3,3,0.005831,0.001688,0.006071,0.000924,0.000534,0.001067,-0.005831,0.001688,-37.741475,-37.741475,-45.291423,1.000000,0.000000,0.000000,0.000000,0.000000,0.000000,0.000000
Phase_12,Remove temp prop [Phase_12],1.714286,11.650000,3,4,0.004455,0.001635,0.004746,0.000481,0.000362,0.000602,-0.004455,0.001635,-6.271141,-6.271141,-35.459268,1.000000,0.000000,0.000000,0.000000,0.000000,0.000000,0.000000
Phase_12,Remove temp prop [Phase_12],1.607143,11.650000,3,4,0.004593,0.001646,0.004879,0.000533,0.000383,0.000656,-0.004593,0.001646,-6.966386,-6.966386,-35.676481,1.000000,0.000000,0.000000,0.000000,0.000000,0.000000,0.000000
Phase_12,Remove temp prop [Phase_12],1.500000,11.650000,3,4,0.004740,0.001654,0.005021,0.000588,0.000403,0.000713,-0.004740,0.001654,-9.026522,-9.026522,-36.320121,1.000000,0.000000,0.000000,0.000000,0.000000,0.000000,0.000000
Phase_12,Remove temp prop [Phase_12],1.392857,11.650000,3,4,0.004896,0.001664,0.005171,0.000642,0.000425,0.000770,-0.004896,0.001664,-14.077733,-14.077733,-37.898252,1.000000,0.000000,0.000000,0.000000,0.000000,0.000000,0.000000
Phase_12,Remove temp prop [Phase_12],1.285714,11.650000,3,4,0.005057,0.001670,0.005326,0.000695,0.000447,0.000826,-0.005057,0.001670,-19.196508,-19.196508,-39.497491,1.000000,0.000000,0.000000,0.000000,0.000000,0.000000,0.000000
Phase_12,Remove temp prop [Phase_12],2.142857,11.650000,3,5,0.003971,0.001584,0.004275,0.000295,0.000286,0.000411,-0.003971,0.001584,-8.216765,-8.216765,-36.067132,1.000000,0.000000,0.000000,0.000000,0.000000,0.000000,0.000000
Phase_12,Remove temp prop [Phase_12],2.035714,11.650000,3,5,0.004078,0.001599,0.004381,0.000334,0.000305,0.000452,-0.004078,0.001599,-7.413939,-7.413939,-35.816308,1.000000,0.000000,0.000000,0.000000,0.000000,0.000000,0.000000
Phase_12,Remove temp prop [Phase_12],1.928571,11.650000,3,5,0.004195,0.001612,0.004494,0.000379,0.000324,0.000499,-0.004195,0.001612,-9.706117,-9.706117,-36.532445,1.000000,0.000000,0.000000,0.000000,0.000000,0.000000,0.000000
Phase_12,Remove temp prop [Phase_12],1.821429,11.650000,3,5,0.004321,0.001625,0.004616,0.000427,0.000343,0.000548,-0.004321,0.001625,-6.798873,-6.798873,-35.624146,1.000000,0.000000,0.000000,0.000000,0.000000,0.000000,0.000000
Phase_12,Remove temp prop [Phase_12],1.714286,11.650000,3,5,0.004455,0.001635,0.004746,0.000481,0.000362,0.000602,-0.004455,0.001635,-6.271141,-6.271141,-35.459268,1.000000,0.000000,0.000000,0.000000,0.000000,0.000000,0.000000
Phase_12,Remove temp prop [Phase_12],2.571429,11.650000,3,6,0.003620,0.001519,0.003926,0.000198,0.000215,0.000292,-0.003620,0.001519,-4.986718,-4.986718,-25.024044,0.713790,0.000000,0.000000,0.000000,0.000000,0.000000,0.000000
Phase_12,Remove temp prop [Phase_12],2.464286,11.650000,3,6,0.003696,0.001536,0.004002,0.000213,0.000232,0.000315,-0.003696,0.001536,-6.223249,-6.223249,-29.477196,0.831648,0.000000,0.000000,0.000000,0.000000,0.000000,0.000000
Phase_12,Remove temp prop [Phase_12],2.357143,11.650000,3,6,0.003779,0.001553,0.004086,0.000234,0.000250,0.000343,-0.003779,0.001553,-7.895033,-7.895033,-35.770781,0.994555,0.000000,0.000000,0.000000,0.000000,0.000000,0.000000
Phase_12,Remove temp prop [Phase_12],2.250000,11.650000,3,6,0.003871,0.001569,0.004177,0.000262,0.000268,0.000375,-0.003871,0.001569,-7.670267,-7.670267,-35.896392,1.000000,0.000000,0.000000,0.000000,0.000000,0.000000,0.000000
Phase_12,Remove temp prop [Phase_12],2.142857,11.650000,3,6,0.003971,0.001584,0.004275,0.000295,0.000286,0.000411,-0.003971,0.001584,-8.216765,-8.216765,-36.067132,1.000000,0.000000,0.000000,0.000000,0.000000,0.000000,0.000000
Phase_12,Remove temp prop [Phase_12],3.000000,11.650000,3,7,0.003356,0.001455,0.003658,0.000163,0.000151,0.000222,-0.003356,0.001455,-2.089963,-2.089963,-15.286654,0.447594,0.000000,0.000000,0.000000,0.000000,0.000000,0.000000
Phase_12,Remove temp prop [Phase_12],2.892857,11.650000,3,7,0.003417,0.001471,0.003720,0.000168,0.000166,0.000237,-0.003417,0.001471,-2.906749,-2.906749,-16.720202,0.485937,0.000000,0.000000,0.000000,0.000000,0.000000,0.000000
Phase_12,Remove temp prop [Phase_12],2.785714,11.650000,3,7,0.003481,0.001487,0.003785,0.000176,0.000182,0.000253,-0.003481,0.001487,-4.542265,-4.542265,-18.694102,0.535354,0.000000,0.000000,0.000000,0.000000,0.000000,0.000000
Phase_12,Remove temp prop [Phase_12],2.678571,11.650000,3,7,0.003548,0.001503,0.003853,0.000186,0.000198,0.000271,-0.003548,0.001503,-3.792940,-3.792940,-21.441519,0.618178,0.000000,0.000000,0.000000,0.000000,0.000000,0.000000
Phase_12,Remove temp prop [Phase_12],2.571429,11.650000,3,7,0.003620,0.001519,0.003926,0.000198,0.000215,0.000292,-0.003620,0.001519,-4.986718,-4.986718,-25.024044,0.713790,0.000000,0.000000,0.000000,0.000000,0.000000,0.000000
Phase_12,Remove temp prop [Phase_12],3.428571,11.650000,3,8,0.003131,0.001401,0.003430,0.000148,0.000098,0.000177,-0.003131,0.001401,-1.799108,-1.799108,-11.897738,0.349296,0.000000,0.000000,0.000000,0.000000,0.000000,0.000000
Phase_12,Remove temp prop [Phase_12],3.321429,11.650000,3,8,0.003184,0.001414,0.003484,0.000150,0.000111,0.000187,-0.003184,0.001414,-2.560179,-2.560179,-12.366615,0.360544,0.000000,0.000000,0.000000,0.000000,0.000000,0.000000
Phase_12,Remove temp prop [Phase_12],3.214286,11.650000,3,8,0.003240,0.001427,0.003540,0.000154,0.000124,0.000197,-0.003240,0.001427,-3.578009,-3.578009,-13.075880,0.377721,0.000000,0.000000,0.000000,0.000000,0.000000,0.000000
Phase_12,Remove temp prop [Phase_12],3.107143,11.650000,3,8,0.003297,0.001441,0.003598,0.000158,0.000137,0.000209,-0.003297,0.001441,-2.390615,-2.390615,-14.072857,0.410924,0.000000,0.000000,0.000000,0.000000,0.000000,0.000000
Phase_12,Remove temp prop [Phase_12],3.000000,11.650000,3,8,0.003356,0.001455,0.003658,0.000163,0.000151,0.000222,-0.003356,0.001455,-2.089963,-2.089963,-15.286654,0.447594,0.000000,0.000000,0.000000,0.000000,0.000000,0.000000
Phase_12,Remove temp prop [Phase_12],3.857143,11.650000,3,9,0.002923,0.001363,0.003225,0.000135,0.000056,0.000147,-0.002923,0.001363,-6.987676,-6.987676,-9.560878,0.267938,0.000000,0.000000,0.000000,0.000000,0.000000,0.000000
Phase_12,Remove temp prop [Phase_12],3.750000,11.650000,3,9,0.002974,0.001371,0.003275,0.000139,0.000066,0.000154,-0.002974,0.001371,-4.689874,-4.689874,-10.313556,0.294966,0.000000,0.000000,0.000000,0.000000,0.000000,0.000000
Phase_12,Remove temp prop [Phase_12],3.642857,11.650000,3,9,0.003026,0.001380,0.003325,0.000142,0.000076,0.000161,-0.003026,0.001380,-3.252828,-3.252828,-10.896040,0.315678,0.000000,0.000000,0.000000,0.000000,0.000000,0.000000
Phase_12,Remove temp prop [Phase_12],3.535714,11.650000,3,9,0.003078,0.001390,0.003377,0.000145,0.000087,0.000169,-0.003078,0.001390,-3.064418,-3.064418,-11.403237,0.330937,0.000000,0.000000,0.000000,0.000000,0.000000,0.000000
Phase_12,Remove temp prop [Phase_12],3.428571,11.650000,3,9,0.003131,0.001401,0.003430,0.000148,0.000098,0.000177,-0.003131,0.001401,-1.799108,-1.799108,-11.897738,0.349296,0.000000,0.000000,0.000000,0.000000,0.000000,0.000000
Phase_12,Remove temp prop [Phase_12],4.285714,11.650000,3,10,0.002722,0.001339,0.003033,0.000120,0.000024,0.000122,-0.002722,0.001339,-14.530510,-14.530510,-6.184756,0.162587,0.000000,0.000000,0.000000,0.000000,0.000000,0.000000
Phase_12,Remove temp prop [Phase_12],4.178571,11.650000,3,10,0.002771,0.001343,0.003079,0.000123,0.000032,0.000127,-0.002771,0.001343,-13.267403,-13.267403,-6.924268,0.183936,0.000000,0.000000,0.000000,0.000000,0.000000,0.000000
Phase_12,Remove temp prop [Phase_12],4.071429,11.650000,3,10,0.002821,0.001349,0.003127,0.000127,0.000040,0.000133,-0.002821,0.001349,-11.927492,-11.927492,-7.723153,0.207464,0.000000,0.000000,0.000000,0.000000,0.000000,0.000000
Phase_12,Remove temp prop [Phase_12],3.964286,11.650000,3,10,0.002871,0.001355,0.003175,0.000131,0.000048,0.000140,-0.002871,0.001355,-9.791212,-9.791212,-8.603390,0.235329,0.000000,0.000000,0.000000,0.000000,0.000000,0.000000
Phase_12,Remove temp prop [Phase_12],3.857143,11.650000,3,10,0.002923,0.001363,0.003225,0.000135,0.000056,0.000147,-0.002923,0.001363,-6.987676,-6.987676,-9.560878,0.267938,0.000000,0.000000,0.000000,0.000000,0.000000,0.000000
Phase_12,Remove temp prop [Phase_12],4.714286,11.650000,3,11,0.002533,0.001326,0.002859,0.000107,-0.000001,0.000107,-0.002533,0.001326,-17.691610,-17.691610,-3.792100,0.097165,0.000000,0.000000,0.000000,0.000000,0.000000,0.000000
Phase_12,Remove temp prop [Phase_12],4.607143,11.650000,3,11,0.002579,0.001328,0.002901,0.000110,0.000005,0.000110,-0.002579,0.001328,-17.065118,-17.065118,-4.319027,0.111225,0.000000,0.000000,0.000000,0.000000,0.000000,0.000000
Phase_12,Remove temp prop [Phase_12],4.500000,11.650000,3,11,0.002626,0.001331,0.002944,0.000113,0.000011,0.000114,-0.002626,0.001331,-16.385508,-16.385508,-4.889978,0.126620,0.000000,0.000000,0.000000,0.000000,0.000000,0.000000
Phase_12,Remove temp prop [Phase_12],4.392857,11.650000,3,11,0.002674,0.001334,0.002988,0.000116,0.000017,0.000118,-0.002674,0.001334,-15.501038,-15.501038,-5.510074,0.143705,0.000000,0.000000,0.000000,0.000000,0.000000,0.000000
Phase_12,Remove temp prop [Phase_12],4.285714,11.650000,3,11,0.002722,0.001339,0.003033,0.000120,0.000024,0.000122,-0.002722,0.001339,-14.530510,-14.530510,-6.184756,0.162587,0.000000,0.000000,0.000000,0.000000,0.000000,0.000000
Phase_12,Remove temp prop [Phase_12],5.142857,11.650000,3,12,0.002354,0.001323,0.002700,0.000096,-0.000020,0.000099,-0.002354,0.001323,-19.330239,-19.330239,-2.061673,0.052142,0.000000,0.000000,0.000000,0.000000,0.000000,0.000000
Phase_12,Remove temp prop [Phase_12],5.035714,11.650000,3,12,0.002398,0.001323,0.002739,0.000099,-0.000016,0.000100,-0.002398,0.001323,-19.006115,-19.006115,-2.444259,0.061977,0.000000,0.000000,0.000000,0.000000,0.000000,0.000000
Phase_12,Remove temp prop [Phase_12],4.928571,11.650000,3,12,0.002442,0.001324,0.002778,0.000102,-0.000011,0.000102,-0.002442,0.001324,-18.655923,-18.655923,-2.857590,0.072659,0.000000,0.000000,0.000000,0.000000,0.000000,0.000000
Phase_12,Remove temp prop [Phase_12],4.821429,11.650000,3,12,0.002488,0.001325,0.002818,0.000104,-0.000006,0.000105,-0.002488,0.001325,-18.192115,-18.192115,-3.306330,0.084380,0.000000,0.000000,0.000000,0.000000,0.000000,0.000000
Phase_12,Remove temp prop [Phase_12],4.714286,11.650000,3,12,0.002533,0.001326,0.002859,0.000107,-0.000001,0.000107,-0.002533,0.001326,-17.691610,-17.691610,-3.792100,0.097165,0.000000,0.000000,0.000000,0.000000,0.000000,0.000000
Phase_12,Remove temp prop [Phase_12],5.571429,11.650000,3,13,0.002182,0.001328,0.002554,0.000087,-0.000034,0.000093,-0.002182,0.001328,-20.120206,-20.120206,-0.805411,0.020244,0.000000,0.000000,0.000000,0.000000,0.000000,0.000000
Phase_12,Remove temp prop [Phase_12],5.464286,11.650000,3,13,0.002224,0.001326,0.002589,0.000089,-0.000031,0.000095,-0.002224,0.001326,-19.973072,-19.973072,-1.082787,0.027247,0.000000,0.000000,0.000000,0.000000,0.000000,0.000000
Phase_12,Remove temp prop [Phase_12],5.357143,11.650000,3,13,0.002267,0.001325,0.002626,0.000092,-0.000028,0.000096,-0.002267,0.001325,-19.811971,-19.811971,-1.382676,0.034837,0.000000,0.000000,0.000000,0.000000,0.000000,0.000000
Phase_12,Remove temp prop [Phase_12],5.250000,11.650000,3,13,0.002310,0.001324,0.002662,0.000094,-0.000024,0.000097,-0.002310,0.001324,-19.580484,-19.580484,-1.708913,0.043135,0.000000,0.000000,0.000000,0.000000,0.000000,0.000000
Phase_12,Remove temp prop [Phase_12],5.142857,11.650000,3,13,0.002354,0.001323,0.002700,0.000096,-0.000020,0.000099,-0.002354,0.001323,-19.330239,-19.330239,-2.061673,0.052142,0.000000,0.000000,0.000000,0.000000,0.000000,0.000000
Phase_12,Remove temp prop [Phase_12],6.000000,11.650000,3,14,0.002015,0.001337,0.002419,0.000079,-0.000043,0.000090,-0.002015,0.001337,-20.399277,-20.399277,0.097888,0.002455,0.000000,0.000000,0.000000,0.000000,0.000000,0.000000
Phase_12,Remove temp prop [Phase_12],5.892857,11.650000,3,14,0.002056,0.001335,0.002452,0.000081,-0.000041,0.000091,-0.002056,0.001335,-20.359729,-20.359729,-0.100198,0.002514,0.000000,0.000000,0.000000,0.000000,0.000000,0.000000
Phase_12,Remove temp prop [Phase_12],5.785714,11.650000,3,14,0.002098,0.001332,0.002485,0.000083,-0.000039,0.000092,-0.002098,0.001332,-20.312565,-20.312565,-0.315294,0.007913,0.000000,0.000000,0.000000,0.000000,0.000000,0.000000
Phase_12,Remove temp prop [Phase_12],5.678571,11.650000,3,14,0.002139,0.001330,0.002519,0.000085,-0.000037,0.000093,-0.002139,0.001330,-20.221511,-20.221511,-0.550484,0.013825,0.000000,0.000000,0.000000,0.000000,0.000000,0.000000
Phase_12,Remove temp prop [Phase_12],5.571429,11.650000,3,14,0.002182,0.001328,0.002554,0.000087,-0.000034,0.000093,-0.002182,0.001328,-20.120206,-20.120206,-0.805411,0.020244,0.000000,0.000000,0.000000,0.000000,0.000000,0.000000
Phase_12,Remove temp prop [Phase_12],6.428571,11.650000,3,15,0.001855,0.001350,0.002294,0.000071,-0.000050,0.000087,-0.001855,0.001350,-20.371289,-20.371289,0.731986,0.018362,0.000000,0.000000,0.000000,0.000000,0.000000,0.000000
Phase_12,Remove temp prop [Phase_12],6.321429,11.650000,3,15,0.001894,0.001346,0.002324,0.000073,-0.000048,0.000088,-0.001894,0.001346,-20.395836,-20.395836,0.594821,0.014918,0.000000,0.000000,0.000000,0.000000,0.000000,0.000000
Phase_12,Remove temp prop [Phase_12],6.214286,11.650000,3,15,0.001934,0.001343,0.002355,0.000075,-0.000047,0.000088,-0.001934,0.001343,-20.416423,-20.416423,0.444542,0.011147,0.000000,0.000000,0.000000,0.000000,0.000000,0.000000
Phase_12,Remove temp prop [Phase_12],6.107143,11.650000,3,15,0.001975,0.001340,0.002387,0.000077,-0.000045,0.000089,-0.001975,0.001340,-20.410641,-20.410641,0.278742,0.006990,0.000000,0.000000,0.000000,0.000000,0.000000,0.000000
Phase_12,Remove temp prop [Phase_12],6.000000,11.650000,3,15,0.002015,0.001337,0.002419,0.000079,-0.000043,0.000090,-0.002015,0.001337,-20.399277,-20.399277,0.097888,0.002455,0.000000,0.000000,0.000000,0.000000,0.000000,0.000000
Phase_12,Remove temp prop [Phase_12],6.857143,11.650000,3,16,0.001698,0.001363,0.002178,0.000064,-0.000053,0.000084,-0.001698,0.001363,-20.167250,-20.167250,1.157883,0.029092,0.000000,0.000000,0.000000,0.000000,0.000000,0.000000
Phase_12,Remove temp prop [Phase_12],6.750000,11.650000,3,16,0.001737,0.001360,0.002206,0.000066,-0.000053,0.000085,-0.001737,0.001360,-20.227952,-20.227952,1.068051,0.026822,0.000000,0.000000,0.000000,0.000000,0.000000,0.000000
Phase_12,Remove temp prop [Phase_12],6.642857,11.650000,3,16,0.001776,0.001356,0.002235,0.000068,-0.000052,0.000085,-0.001776,0.001356,-20.286393,-20.286393,0.967951,0.024297,0.000000,0.000000,0.000000,0.000000,0.000000,0.000000
Phase_12,Remove temp prop [Phase_12],6.535714,11.650000,3,16,0.001815,0.001353,0.002264,0.000070,-0.000051,0.000086,-0.001815,0.001353,-20.330209,-20.330209,0.855797,0.021475,0.000000,0.000000,0.000000,0.000000,0.000000,0.000000
Phase_12,Remove temp prop [Phase_12],6.428571,11.650000,3,16,0.001855,0.001350,0.002294,0.000071,-0.000050,0.000087,-0.001855,0.001350,-20.371289,-20.371289,0.731986,0.018362,0.000000,0.000000,0.000000,0.000000,0.000000,0.000000
Phase_12,Remove temp prop [Phase_12],7.285714,11.650000,3,17,0.001545,0.001377,0.002070,0.000058,-0.000055,0.000080,-0.001545,0.001377,-19.874086,-19.874086,1.421751,0.035804,0.000000,0.000000,0.000000,0.000000,0.000000,0.000000
Phase_12,Remove temp prop [Phase_12],7.178571,11.650000,3,17,0.001583,0.001374,0.002096,0.000060,-0.000055,0.000081,-0.001583,0.001374,-19.952207,-19.952207,1.368799,0.034449,0.000000,0.000000,0.000000,0.000000,0.000000,0.000000
Phase_12,Remove temp prop [Phase_12],7.071429,11.650000,3,17,0.001621,0.001370,0.002123,0.000061,-0.000054,0.000082,-0.001621,0.001370,-20.027889,-20.027889,1.307743,0.032893,0.000000,0.000000,0.000000,0.000000,0.000000,0.000000
Phase_12,Remove temp prop [Phase_12],6.964286,11.650000,3,17,0.001660,0.001367,0.002150,0.000063,-0.000054,0.000083,-0.001660,0.001367,-20.099027,-20.099027,1.237422,0.031107,0.000000,0.000000,0.000000,0.000000,0.000000,0.000000
Phase_12,Remove temp prop [Phase_12],6.857143,11.650000,3,17,0.001698,0.001363,0.002178,0.000064,-0.000053,0.000084,-0.001698,0.001363,-20.167250,-20.167250,1.157883,0.029092,0.000000,0.000000,0.000000,0.000000,0.000000,0.000000
Phase_12,Remove temp prop [Phase_12],7.714286,11.650000,3,18,0.001396,0.001391,0.001970,0.000052,-0.000056,0.000076,-0.001396,0.001391,-19.547764,-19.547764,1.559140,0.039365,0.000000,0.000000,0.000000,0.000000,0.000000,0.000000
Phase_12,Remove temp prop [Phase_12],7.607143,11.650000,3,18,0.001433,0.001388,0.001995,0.000053,-0.000056,0.000077,-0.001433,0.001388,-19.630535,-19.630535,1.534941,0.038729,0.000000,0.000000,0.000000,0.000000,0.000000,0.000000
Phase_12,Remove temp prop [Phase_12],7.500000,11.650000,3,18,0.001470,0.001384,0.002019,0.000055,-0.000056,0.000078,-0.001470,0.001384,-19.712575,-19.712575,1.504446,0.037935,0.000000,0.000000,0.000000,0.000000,0.000000,0.000000
Phase_12,Remove temp prop [Phase_12],7.392857,11.650000,3,18,0.001508,0.001381,0.002044,0.000057,-0.000055,0.000079,-0.001508,0.001381,-19.793933,-19.793933,1.466669,0.036959,0.000000,0.000000,0.000000,0.000000,0.000000,0.000000
Phase_12,Remove temp prop [Phase_12],7.285714,11.650000,3,18,0.001545,0.001377,0.002070,0.000058,-0.000055,0.000080,-0.001545,0.001377,-19.874086,-19.874086,1.421751,0.035804,0.000000,0.000000,0.000000,0.000000,0.000000,0.000000
Phase_12,Remove temp prop [Phase_12],8.142857,11.650000,3,19,0.001249,0.001403,0.001879,0.000046,-0.000055,0.000072,-0.001249,0.001403,-19.223057,-19.223057,1.597922,0.040448,0.000000,0.000000,0.000000,0.000000,0.000000,0.000000
Phase_12,Remove temp prop [Phase_12],8.035714,11.650000,3,19,0.001286,0.001400,0.001901,0.000048,-0.000055,0.000073,-0.001286,0.001400,-19.303151,-19.303151,1.596121,0.040377,0.000000,0.000000,0.000000,0.000000,0.000000,0.000000
Phase_12,Remove temp prop [Phase_12],7.928571,11.650000,3,19,0.001322,0.001397,0.001924,0.000049,-0.000056,0.000074,-0.001322,0.001397,-19.383459,-19.383459,1.589431,0.040182,0.000000,0.000000,0.000000,0.000000,0.000000,0.000000
Phase_12,Remove temp prop [Phase_12],7.821429,11.650000,3,19,0.001359,0.001394,0.001947,0.000051,-0.000056,0.000075,-0.001359,0.001394,-19.465586,-19.465586,1.577055,0.039843,0.000000,0.000000,0.000000,0.000000,0.000000,0.000000
Phase_12,Remove temp prop [Phase_12],7.714286,11.650000,3,19,0.001396,0.001391,0.001970,0.000052,-0.000056,0.000076,-0.001396,0.001391,-19.547764,-19.547764,1.559140,0.039365,0.000000,0.000000,0.000000,0.000000,0.000000,0.000000
Phase_12,Remove temp prop [Phase_12],8.571429,11.650000,3,20,0.001105,0.001414,0.001795,0.000041,-0.000054,0.000068,-0.001105,0.001414,-18.921002,-18.921002,1.560108,0.039585,0.000000,0.000000,0.000000,0.000000,0.000000,0.000000
Phase_12,Remove temp prop [Phase_12],8.464286,11.650000,3,20,0.001141,0.001412,0.001815,0.000042,-0.000055,0.000069,-0.001141,0.001412,-18.994128,-18.994128,1.575681,0.039957,0.000000,0.000000,0.000000,0.000000,0.000000,0.000000
Phase_12,Remove temp prop [Phase_12],8.357143,11.650000,3,20,0.001177,0.001409,0.001836,0.000043,-0.000055,0.000070,-0.001177,0.001409,-19.068029,-19.068029,1.587459,0.040232,0.000000,0.000000,0.000000,0.000000,0.000000,0.000000
Phase_12,Remove temp prop [Phase_12],8.250000,11.650000,3,20,0.001213,0.001406,0.001857,0.000045,-0.000055,0.000071,-0.001213,0.001406,-19.145165,-19.145165,1.594838,0.040395,0.000000,0.000000,0.000000,0.000000,0.000000,0.000000
Phase_12,Remove temp prop [Phase_12],8.142857,11.650000,3,20,0.001249,0.001403,0.001879,0.000046,-0.000055,0.000072,-0.001249,0.001403,-19.223057,-19.223057,1.597922,0.040448,0.000000,0.000000,0.000000,0.000000,0.000000,0.000000
Phase_12,Remove temp prop [Phase_12],9.000000,11.650000,3,21,0.000963,0.001424,0.001719,0.000035,-0.000053,0.000064,-0.000963,0.001424,-18.652983,-18.652983,1.463136,0.037204,0.000000,0.000000,0.000000,0.000000,0.000000,0.000000
Phase_12,Remove temp prop [Phase_12],8.892857,11.650000,3,21,0.000998,0.001422,0.001737,0.000037,-0.000053,0.000065,-0.000998,0.001422,-18.716910,-18.716910,1.492094,0.037921,0.000000,0.000000,0.000000,0.000000,0.000000,0.000000
Phase_12,Remove temp prop [Phase_12],8.785714,11.650000,3,21,0.001033,0.001420,0.001756,0.000038,-0.000054,0.000066,-0.001033,0.001420,-18.781990,-18.781990,1.518118,0.038562,0.000000,0.000000,0.000000,0.000000,0.000000,0.000000
Phase_12,Remove temp prop [Phase_12],8.678571,11.650000,3,21,0.001069,0.001417,0.001775,0.000039,-0.000054,0.000067,-0.001069,0.001417,-18.850908,-18.850908,1.540775,0.039116,0.000000,0.000000,0.000000,0.000000,0.000000,0.000000
Phase_12,Remove temp prop [Phase_12],8.571429,11.650000,3,21,0.001105,0.001414,0.001795,0.000041,-0.000054,0.000068,-0.001105,0.001414,-18.921002,-18.921002,1.560108,0.039585,0.000000,0.000000,0.000000,0.000000,0.000000,0.000000
Phase_12,Remove temp prop [Phase_12],9.428571,11.650000,3,22,0.000822,0.001433,0.001652,0.000030,-0.000052,0.000060,-0.000822,0.001433,-18.423952,-18.423952,1.320846,0.033647,0.000000,0.000000,0.000000,0.000000,0.000000,0.000000
Phase_12,Remove temp prop [Phase_12],9.321429,11.650000,3,22,0.000857,0.001431,0.001668,0.000031,-0.000052,0.000061,-0.000857,0.001431,-18.477893,-18.477893,1.360016,0.034630,0.000000,0.000000,0.000000,0.000000,0.000000,0.000000
Phase_12,Remove temp prop [Phase_12],9.214286,11.650000,3,22,0.000892,0.001429,0.001684,0.000033,-0.000052,0.000062,-0.000892,0.001429,-18.533181,-18.533181,1.396936,0.035554,0.000000,0.000000,0.000000,0.000000,0.000000,0.000000
Phase_12,Remove temp prop [Phase_12],9.107143,11.650000,3,22,0.000927,0.001426,0.001701,0.000034,-0.000053,0.000063,-0.000927,0.001426,-18.592353,-18.592353,1.431315,0.036412,0.000000,0.000000,0.000000,0.000000,0.000000,0.000000
Phase_12,Remove temp prop [Phase_12],9.000000,11.650000,3,22,0.000963,0.001424,0.001719,0.000035,-0.000053,0.000064,-0.000963,0.001424,-18.652983,-18.652983,1.463136,0.037204,0.000000,0.000000,0.000000,0.000000,0.000000,0.000000
Phase_12,Remove temp prop [Phase_12],9.857143,11.650000,3,23,0.000683,0.001440,0.001593,0.000025,-0.000050,0.000056,-0.000683,0.001440,-18.235006,-18.235006,1.144215,0.029191,0.000000,0.000000,0.000000,0.000000,0.000000,0.000000
Phase_12,Remove temp prop [Phase_12],9.750000,11.650000,3,23,0.000718,0.001438,0.001607,0.000026,-0.000051,0.000057,-0.000718,0.001438,-18.279109,-18.279109,1.191059,0.030376,0.000000,0.000000,0.000000,0.000000,0.000000,0.000000
Phase_12,Remove temp prop [Phase_12],9.642857,11.650000,3,23,0.000752,0.001436,0.001621,0.000027,-0.000051,0.000058,-0.000752,0.001436,-18.324089,-18.324089,1.236264,0.031517,0.000000,0.000000,0.000000,0.000000,0.000000,0.000000
Phase_12,Remove temp prop [Phase_12],9.535714,11.650000,3,23,0.000787,0.001435,0.001636,0.000029,-0.000051,0.000059,-0.000787,0.001435,-18.373470,-18.373470,1.279499,0.032607,0.000000,0.000000,0.000000,0.000000,0.000000,0.000000
Phase_12,Remove temp prop [Phase_12],9.428571,11.650000,3,23,0.000822,0.001433,0.001652,0.000030,-0.000052,0.000060,-0.000822,0.001433,-18.423952,-18.423952,1.320846,0.033647,0.000000,0.000000,0.000000,0.000000,0.000000,0.000000
Phase_12,Remove temp prop [Phase_12],10.285714,11.650000,3,24,0.000545,0.001445,0.001545,0.000020,-0.000049,0.000053,-0.000545,0.001445,-18.085179,-18.085179,0.941971,0.024060,0.000000,0.000000,0.000000,0.000000,0.000000,0.000000
Phase_12,Remove temp prop [Phase_12],10.178571,11.650000,3,24,0.000579,0.001444,0.001556,0.000021,-0.000049,0.000054,-0.000579,0.001444,-18.119676,-18.119676,0.994507,0.025395,0.000000,0.000000,0.000000,0.000000,0.000000,0.000000
Phase_12,Remove temp prop [Phase_12],10.071429,11.650000,3,24,0.000614,0.001443,0.001568,0.000022,-0.000050,0.000054,-0.000614,0.001443,-18.154977,-18.154977,1.045839,0.026699,0.000000,0.000000,0.000000,0.000000,0.000000,0.000000
Phase_12,Remove temp prop [Phase_12],9.964286,11.650000,3,24,0.000648,0.001441,0.001580,0.000024,-0.000050,0.000055,-0.000648,0.001441,-18.194542,-18.194542,1.095722,0.027963,0.000000,0.000000,0.000000,0.000000,0.000000,0.000000
Phase_12,Remove temp prop [Phase_12],9.857143,11.650000,3,24,0.000683,0.001440,0.001593,0.000025,-0.000050,0.000056,-0.000683,0.001440,-18.235006,-18.235006,1.144215,0.029191,0.000000,0.000000,0.000000,0.000000,0.000000,0.000000
Phase_12,Remove temp prop [Phase_12],10.714286,11.650000,3,25,0.000408,0.001450,0.001506,0.000015,-0.000048,0.000050,-0.000408,0.001450,-17.972177,-17.972177,0.721142,0.018436,0.000000,0.000000,0.000000,0.000000,0.000000,0.000000
Phase_12,Remove temp prop [Phase_12],10.607143,11.650000,3,25,0.000442,0.001449,0.001515,0.000016,-0.000048,0.000051,-0.000442,0.001449,-17.997647,-17.997647,0.777753,0.019880,0.000000,0.000000,0.000000,0.000000,0.000000,0.000000
Phase_12,Remove temp prop [Phase_12],10.500000,11.650000,3,25,0.000476,0.001448,0.001524,0.000017,-0.000048,0.000052,-0.000476,0.001448,-18.023881,-18.023881,0.833509,0.021300,0.000000,0.000000,0.000000,0.000000,0.000000,0.000000
Phase_12,Remove temp prop [Phase_12],10.392857,11.650000,3,25,0.000511,0.001446,0.001534,0.000019,-0.000049,0.000052,-0.000511,0.001446,-18.054108,-18.054108,0.888241,0.022694,0.000000,0.000000,0.000000,0.000000,0.000000,0.000000
Phase_12,Remove temp prop [Phase_12],10.285714,11.650000,3,25,0.000545,0.001445,0.001545,0.000020,-0.000049,0.000053,-0.000545,0.001445,-18.085179,-18.085179,0.941971,0.024060,0.000000,0.000000,0.000000,0.000000,0.000000,0.000000
Phase_12,Remove temp prop [Phase_12],11.142857,11.650000,3,26,0.000272,0.001453,0.001478,0.000010,-0.000047,0.000048,-0.000272,0.001453,-17.893592,-17.893592,0.487445,0.012470,0.000000,0.000000,0.000000,0.000000,0.000000,0.000000
Phase_12,Remove temp prop [Phase_12],11.035714,11.650000,3,26,0.000306,0.001452,0.001484,0.000011,-0.000047,0.000049,-0.000306,0.001452,-17.910618,-17.910618,0.546802,0.013986,0.000000,0.000000,0.000000,0.000000,0.000000,0.000000
Phase_12,Remove temp prop [Phase_12],10.928571,11.650000,3,26,0.000340,0.001451,0.001491,0.000012,-0.000048,0.000049,-0.000340,0.001451,-17.928405,-17.928405,0.605593,0.015488,0.000000,0.000000,0.000000,0.000000,0.000000,0.000000
Phase_12,Remove temp prop [Phase_12],10.821429,11.650000,3,26,0.000374,0.001450,0.001498,0.000014,-0.000048,0.000050,-0.000374,0.001450,-17.949880,-17.949880,0.663711,0.016971,0.000000,0.000000,0.000000,0.000000,0.000000,0.000000
Phase_12,Remove temp prop [Phase_12],10.714286,11.650000,3,26,0.000408,0.001450,0.001506,0.000015,-0.000048,0.000050,-0.000408,0.001450,-17.972177,-17.972177,0.721142,0.018436,0.000000,0.000000,0.000000,0.000000,0.000000,0.000000
Phase_12,Remove temp prop [Phase_12],11.571429,11.650000,3,27,0.000136,0.001454,0.001461,0.000005,-0.000047,0.000047,-0.000136,0.001454,-17.847367,-17.847367,0.245665,0.006287,0.000000,0.000000,0.000000,0.000000,0.000000,0.000000
Phase_12,Remove temp prop [Phase_12],11.464286,11.650000,3,27,0.000170,0.001454,0.001464,0.000006,-0.000047,0.000047,-0.000170,0.001454,-17.856406,-17.856406,0.306640,0.007847,0.000000,0.000000,0.000000,0.000000,0.000000,0.000000
Phase_12,Remove temp prop [Phase_12],11.357143,11.650000,3,27,0.000204,0.001454,0.001468,0.000007,-0.000047,0.000048,-0.000204,0.001454,-17.866254,-17.866254,0.367297,0.009398,0.000000,0.000000,0.000000,0.000000,0.000000,0.000000
Phase_12,Remove temp prop [Phase_12],11.250000,11.650000,3,27,0.000238,0.001453,0.001473,0.000009,-0.000047,0.000048,-0.000238,0.001453,-17.879506,-17.879506,0.427582,0.010940,0.000000,0.000000,0.000000,0.000000,0.000000,0.000000
Phase_12,Remove temp prop [Phase_12],11.142857,11.650000,3,27,0.000272,0.001453,0.001478,0.000010,-0.000047,0.000048,-0.000272,0.001453,-17.893592,-17.893592,0.487445,0.012470,0.000000,0.000000,0.000000,0.000000,0.000000,0.000000
Phase_12,Remove temp prop [Phase_12],12.000000,11.650000,3,28,0.000000,0.001455,0.001455,0.000000,-0.000047,0.000047,0.000000,0.001455,-17.832143,-17.832143,0.000000,0.000000,0.000000,0.000000,0.000000,0.000000,0.000000,0.000000
Phase_12,Remove temp prop [Phase_12],11.892857,11.650000,3,28,0.000034,0.001455,0.001455,0.000001,-0.000047,0.000047,-0.000034,0.001455,-17.833450,-17.833450,0.061576,0.001576,0.000000,0.000000,0.000000,0.000000,0.000000,0.000000
Phase_12,Remove temp prop [Phase_12],11.785714,11.650000,3,28,0.000068,0.001455,0.001457,0.000002,-0.000047,0.000047,-0.000068,0.001455,-17.835679,-17.835679,0.123068,0.003150,0.000000,0.000000,0.000000,0.000000,0.000000,0.000000
Phase_12,Remove temp prop [Phase_12],11.678571,11.650000,3,28,0.000102,0.001455,0.001458,0.000004,-0.000047,0.000047,-0.000102,0.001455,-17.841076,-17.841076,0.184461,0.004721,0.000000,0.000000,0.000000,0.000000,0.000000,0.000000
Phase_12,Remove temp prop [Phase_12],11.571429,11.650000,3,28,0.000136,0.001454,0.001461,0.000005,-0.000047,0.000047,-0.000136,0.001454,-17.847367,-17.847367,0.245665,0.006287,0.000000,0.000000,0.000000,0.000000,0.000000,0.000000
