Phase,PhaseIdent,X(m),Y(m),MaterialId,Ux(m),Uy(m),Utot(m),PUx(m),PUy(m),PUt(m),U1(m),U2(m),M2D(kNm/m),Q2D(kN/m),Nx2D(kN/m),Nz2D(kN/m),Tskin(kN/m),Tlat(kN/m)
Phase_19,Ramped Internal Load [Phase_19],-19.000000,96.000000,1,-0.043792,-0.000506,0.043795,-0.008406,-0.011967,0.014624,0.000506,-0.043792,-0.000000,-2319.760025,-1987.892822,0.000000,0.000000,0.000000
Phase_19,Ramped Internal Load [Phase_19],-19.000000,95.850000,1,-0.043723,-0.000482,0.043725,-0.008373,-0.011950,0.014592,0.000482,-0.043723,-352.912452,-2310.538679,-2129.510737,0.000000,-1176.564278,1717.926031
Phase_19,Ramped Internal Load [Phase_19],-19.000000,95.700000,1,-0.043677,-0.000438,0.043679,-0.008336,-0.011931,0.014555,0.000438,-0.043677,-669.066465,-1815.189066,-2344.098304,0.000000,-1701.471464,4714.064858
Phase_19,Ramped Internal Load [Phase_19],-19.000000,95.550000,1,-0.043649,-0.000367,0.043651,-0.008286,-0.011911,0.014509,0.000367,-0.043649,-871.920007,-806.062712,-2626.864953,0.000000,-2085.717469,8569.026891
Phase_19,Ramped Internal Load [Phase_19],-19.000000,95.400000,1,-0.043733,-0.000251,0.043734,-0.008215,-0.011887,0.014450,0.000251,-0.043733,-883.630089,744.488859,-2973.020113,0.000000,3.858124,27.763895
Phase_19,Ramped Internal Load [Phase_19],-19.000000,95.400000,1,-0.043733,-0.000251,0.043734,-0.008215,-0.011887,0.014450,0.000251,-0.043733,-883.630089,179.796881,-2855.412235,0.000000,0.000000,1.154041
Phase_19,Ramped Internal Load [Phase_19],-19.000000,95.318623,1,-0.043780,-0.000179,0.043780,-0.008174,-0.011874,0.014416,0.000179,-0.043780,-868.995102,179.989921,-2855.825374,0.000000,0.000000,3.141206
Phase_19,Ramped Internal Load [Phase_19],-19.000000,95.237246,1,-0.043778,-0.000099,0.043778,-0.008132,-0.011861,0.014381,0.000099,-0.043778,-854.332709,180.306076,-2856.238903,0.000000,0.000000,4.568735
Phase_19,Ramped Internal Load [Phase_19],-19.000000,95.155869,1,-0.043771,-0.000011,0.043771,-0.008089,-0.011848,0.014346,0.000011,-0.043771,-839.639339,180.750283,-2856.652524,0.000000,0.000000,6.288661
Phase_19,Ramped Internal Load [Phase_19],-19.000000,95.074492,1,-0.043757,0.000086,0.043757,-0.008045,-0.011835,0.014311,-0.000086,-0.043757,-824.911286,181.327477,-2857.065940,0.000000,0.000000,6.751279
Phase_19,Ramped Internal Load [Phase_19],-19.000000,95.074492,1,-0.043757,0.000086,0.043757,-0.008045,-0.011835,0.014311,-0.000086,-0.043757,-824.911286,181.318464,-2857.066060,0.000000,0.000000,6.751279
Phase_19,Ramped Internal Load [Phase_19],-19.000000,94.987367,1,-0.043530,0.000183,0.043530,-0.007998,-0.011822,0.014273,-0.000183,-0.043530,-809.097991,181.729519,-2857.508849,0.000000,0.000000,3.441843
Phase_19,Ramped Internal Load [Phase_19],-19.000000,94.900243,1,-0.043294,0.000279,0.043295,-0.007950,-0.011808,0.014235,-0.000279,-0.043294,-793.251552,181.914949,-2857.951830,0.000000,0.000000,0.727707
Phase_19,Ramped Internal Load [Phase_19],-19.000000,94.813118,1,-0.043063,0.000375,0.043064,-0.007901,-0.011794,0.014196,-0.000375,-0.043063,-777.398340,181.883070,-2858.394684,0.000000,0.000000,-1.547128
Phase_19,Ramped Internal Load [Phase_19],-19.000000,94.725993,1,-0.042831,0.000474,0.042833,-0.007852,-0.011780,0.014157,-0.000474,-0.042831,-761.564502,181.642201,-2858.837090,0.000000,0.000000,-2.625589
Phase_19,Ramped Internal Load [Phase_19],-19.000000,94.725993,1,-0.042831,0.000474,0.042833,-0.007852,-0.011780,0.014157,-0.000474,-0.042831,-761.564502,181.467271,-2858.838355,0.000000,0.000000,-2.625589
Phase_19,Ramped Internal Load [Phase_19],-19.000000,94.374430,1,-0.041843,0.000910,0.041853,-0.007645,-0.011724,0.013997,-0.000910,-0.041843,-697.839820,181.040921,-2860.621961,0.000000,0.000000,-1.672176
Phase_19,Ramped Internal Load [Phase_19],-19.000000,94.022866,1,-0.040780,0.001346,0.040802,-0.007430,-0.011668,0.013833,-0.001346,-0.040780,-634.319783,180.221194,-2862.406029,0.000000,0.000000,-3.466168
Phase_19,Ramped Internal Load [Phase_19],-19.000000,93.671303,1,-0.039638,0.001758,0.039677,-0.007206,-0.011612,0.013667,-0.001758,-0.039638,-571.116582,179.193801,-2864.189670,0.000000,0.000000,-2.853692
Phase_19,Ramped Internal Load [Phase_19],-19.000000,93.319740,1,-0.038415,0.002161,0.038475,-0.006976,-0.011556,0.013499,-0.002161,-0.038415,-508.322613,178.144452,-2865.972000,0.000000,0.000000,1.555644
Phase_19,Ramped Internal Load [Phase_19],-19.000000,93.319740,1,-0.038415,0.002161,0.038475,-0.006976,-0.011556,0.013499,-0.002161,-0.038415,-508.322613,177.865583,-2865.756880,0.000000,0.000000,1.260820
Phase_19,Ramped Internal Load [Phase_19],-19.000000,92.841633,1,-0.036651,0.002378,0.036728,-0.006654,-0.011480,0.013269,-0.002378,-0.036651,-422.043784,184.162998,-2868.554479,0.000000,0.000000,19.864616
Phase_19,Ramped Internal Load [Phase_19],-19.000000,92.363526,1,-0.035141,0.002504,0.035230,-0.006324,-0.011404,0.013040,-0.002504,-0.035141,-331.217444,196.788196,-2870.779341,0.000000,0.000000,32.585207
Phase_19,Ramped Internal Load [Phase_19],-19.000000,91.885418,1,-0.033613,0.002383,0.033697,-0.005989,-0.011328,0.012814,-0.002383,-0.033613,-232.793278,215.913125,-2871.982962,0.000000,4.275803,47.057000
Phase_19,Ramped Internal Load [Phase_19],-19.000000,91.407311,1,-0.032420,0.002342,0.032505,-0.005651,-0.011253,0.012592,-0.002342,-0.032420,-123.693429,241.709735,-2871.716840,0.000000,0.224748,62.539350
Phase_19,Ramped Internal Load [Phase_19],-19.000000,91.407311,1,-0.032420,0.002342,0.032505,-0.005651,-0.011253,0.012592,-0.002342,-0.032420,-123.693429,255.896655,-2875.066584,0.000000,1.540361,105.754912
Phase_19,Ramped Internal Load [Phase_19],-19.000000,90.890492,1,-0.016229,-0.008970,0.018543,-0.005287,-0.011171,0.012359,0.008970,-0.016229,10.322799,260.945764,-2868.919324,0.000000,17.952705,0.849197
Phase_19,Ramped Internal Load [Phase_19],-19.000000,90.373672,1,-0.014408,-0.009005,0.016991,-0.004925,-0.011091,0.012135,0.009005,-0.014408,144.295140,256.191311,-2861.789560,0.000000,19.654724,-21.919670
Phase_19,Ramped Internal Load [Phase_19],-19.000000,89.856853,1,-0.012726,-0.010009,0.016191,-0.004571,-0.011010,0.011921,0.010009,-0.012726,273.770087,243.171036,-2853.606795,0.000000,22.028074,-31.141548
Phase_19,Ramped Internal Load [Phase_19],-19.000000,89.340033,1,-0.010966,-0.011091,0.015597,-0.004227,-0.010930,0.011719,0.011091,-0.010966,394.534856,223.422681,-2844.300534,0.000000,25.942855,-46.887637
Phase_19,Ramped Internal Load [Phase_19],-19.000000,89.340033,1,-0.010966,-0.011091,0.015597,-0.004227,-0.010930,0.011719,0.011091,-0.010966,394.534856,223.429754,-2844.356964,0.000000,24.970911,-49.352932
Phase_19,Ramped Internal Load [Phase_19],-19.000000,88.817498,1,-0.009448,-0.011663,0.015010,-0.003892,-0.010850,0.011527,0.011663,-0.009448,503.996813,195.117768,-2832.431570,0.000000,28.704943,-57.050097
Phase_19,Ramped Internal Load [Phase_19],-19.000000,88.294962,1,-0.008233,-0.012285,0.014789,-0.003572,-0.010771,0.011347,0.012285,-0.008233,597.917775,163.808468,-2819.633732,0.000000,30.580831,-62.789115
Phase_19,Ramped Internal Load [Phase_19],-19.000000,87.772427,1,-0.007120,-0.012866,0.014704,-0.003268,-0.010692,0.011180,0.012866,-0.007120,674.713391,129.543885,-2806.063727,0.000000,31.660728,-68.362644
Phase_19,Ramped Internal Load [Phase_19],-19.000000,87.249891,1,-0.006129,-0.013452,0.014783,-0.002983,-0.010614,0.011025,0.013452,-0.006129,732.800399,92.366051,-2791.821831,0.000000,32.970384,-68.569267
Phase_19,Ramped Internal Load [Phase_19],-19.000000,87.249891,1,-0.006129,-0.013452,0.014783,-0.002983,-0.010614,0.011025,0.013452,-0.006129,732.800399,94.301683,-2792.123041,0.000000,33.345307,-69.234425
Phase_19,Ramped Internal Load [Phase_19],-19.000000,86.721576,1,-0.005205,-0.014014,0.014949,-0.002714,-0.010536,0.010880,0.014014,-0.005205,772.364917,56.052644,-2775.612293,0.000000,37.492294,-69.085240
Phase_19,Ramped Internal Load [Phase_19],-19.000000,86.193262,1,-0.004500,-0.014633,0.015310,-0.002465,-0.010459,0.010746,0.014633,-0.004500,792.626665,21.267800,-2757.850922,0.000000,40.005497,-62.771969
Phase_19,Ramped Internal Load [Phase_19],-19.000000,85.664947,1,-0.004035,-0.015333,0.015855,-0.002236,-0.010383,0.010621,0.015333,-0.004035,795.476992,-9.911035,-2738.921815,0.000000,41.913380,-55.432771
Phase_19,Ramped Internal Load [Phase_19],-19.000000,85.136632,1,-0.003820,-0.016107,0.016553,-0.002027,-0.010308,0.010506,0.016107,-0.003820,782.824385,-37.342047,-2718.907860,0.000000,44.145771,-45.300781
Phase_19,Ramped Internal Load [Phase_19],-19.000000,85.136632,1,-0.003820,-0.016107,0.016553,-0.002027,-0.010308,0.010506,0.016107,-0.003820,782.824385,-36.760781,-2718.556124,0.000000,43.944394,-45.160804
Phase_19,Ramped Internal Load [Phase_19],-19.000000,84.602474,1,-0.003828,-0.016922,0.017349,-0.001835,-0.010234,0.010397,0.016922,-0.003828,757.089553,-58.819633,-2697.370958,0.000000,47.549280,-37.044039
Phase_19,Ramped Internal Load [Phase_19],-19.000000,84.068316,1,-0.003978,-0.017683,0.018125,-0.001661,-0.010161,0.010296,0.017683,-0.003978,720.812611,-76.253220,-2673.253928,0.000000,52.595649,-27.873508
Phase_19,Ramped Internal Load [Phase_19],-19.000000,83.534158,1,-0.004214,-0.018338,0.018816,-0.001505,-0.010090,0.010201,0.018338,-0.004214,676.396930,-89.254605,-2646.053157,0.000000,59.096712,-20.447136
Phase_19,Ramped Internal Load [Phase_19],-19.000000,83.000000,1,-0.004465,-0.018865,0.019386,-0.001365,-0.010019,0.010112,0.018865,-0.004465,626.211793,-98.016848,-2615.616766,0.000000,67.371506,-13.607132
Phase_19,Ramped Internal Load [Phase_19],-19.000000,83.000000,1,-0.004465,-0.018865,0.019386,-0.001365,-0.010019,0.010112,0.018865,-0.004465,626.211793,-98.456490,-2615.339806,0.000000,67.606233,-13.591553
Phase_19,Ramped Internal Load [Phase_19],-19.000000,82.458333,1,-0.004676,-0.019263,0.019822,-0.001238,-0.009950,0.010026,0.019263,-0.004676,571.388260,-103.496241,-2579.049110,0.000000,75.909629,-6.448843
Phase_19,Ramped Internal Load [Phase_19],-19.000000,81.916667,1,-0.004812,-0.019536,0.020120,-0.001124,-0.009882,0.009946,0.019536,-0.004812,514.651259,-105.433833,-2538.582009,0.000000,83.772350,-0.669946
Phase_19,Ramped Internal Load [Phase_19],-19.000000,81.375000,1,-0.004847,-0.019696,0.020283,-0.001023,-0.009815,0.009869,0.019696,-0.004847,457.697884,-104.290345,-2494.055643,0.000000,90.899317,4.928690
Phase_19,Ramped Internal Load [Phase_19],-19.000000,80.833333,1,-0.004744,-0.019740,0.020302,-0.000933,-0.009751,0.009795,0.019740,-0.004744,402.221679,-100.086854,-2445.587148,0.000000,98.418777,9.363645
Phase_19,Ramped Internal Load [Phase_19],-19.000000,80.833333,1,-0.004744,-0.019740,0.020302,-0.000933,-0.009751,0.009795,0.019740,-0.004744,402.221679,-100.708493,-2445.663083,0.000000,98.759093,9.383840
Phase_19,Ramped Internal Load [Phase_19],-19.000000,80.291667,1,-0.004511,-0.019698,0.020208,-0.000851,-0.009688,0.009725,0.019698,-0.004511,349.464999,-94.014535,-2392.670779,0.000000,106.418455,12.847081
Phase_19,Ramped Internal Load [Phase_19],-19.000000,79.750000,1,-0.004252,-0.019621,0.020076,-0.000778,-0.009627,0.009659,0.019621,-0.004252,300.480195,-86.751568,-2335.884494,0.000000,113.389324,14.143202
Phase_19,Ramped Internal Load [Phase_19],-19.000000,79.208333,1,-0.004014,-0.019536,0.019945,-0.000712,-0.009568,0.009595,0.019536,-0.004014,255.544735,-79.032421,-2275.363360,0.000000,120.210169,14.531621
Phase_19,Ramped Internal Load [Phase_19],-19.000000,78.666667,1,-0.003797,-0.019448,0.019815,-0.000651,-0.009511,0.009533,0.019448,-0.003797,214.918787,-70.969924,-2211.166505,0.000000,127.318001,14.529270
Phase_19,Ramped Internal Load [Phase_19],-19.000000,78.666667,1,-0.003797,-0.019448,0.019815,-0.000651,-0.009511,0.009533,0.019448,-0.003797,214.918787,-71.146341,-2211.062883,0.000000,127.253994,14.525478
Phase_19,Ramped Internal Load [Phase_19],-19.000000,78.125000,1,-0.003600,-0.019352,0.019684,-0.000595,-0.009456,0.009475,0.019352,-0.003600,178.540396,-63.250523,-2143.013501,0.000000,134.479528,14.264069
Phase_19,Ramped Internal Load [Phase_19],-19.000000,77.583333,1,-0.003420,-0.019252,0.019553,-0.000543,-0.009403,0.009419,0.019252,-0.003420,146.340971,-55.682014,-2070.900679,0.000000,141.851859,13.733986
Phase_19,Ramped Internal Load [Phase_19],-19.000000,77.041667,1,-0.003255,-0.019146,0.019421,-0.000494,-0.009352,0.009365,0.019146,-0.003255,118.137894,-48.481347,-1994.762476,0.000000,149.344091,12.905733
Phase_19,Ramped Internal Load [Phase_19],-19.000000,76.500000,1,-0.003104,-0.019037,0.019288,-0.000448,-0.009303,0.009314,0.019037,-0.003104,93.743167,-41.689057,-1914.636948,0.000000,156.964148,11.988626
Phase_19,Ramped Internal Load [Phase_19],-19.000000,76.500000,1,-0.003104,-0.019037,0.019288,-0.000448,-0.009303,0.009314,0.019037,-0.003104,93.743167,-41.706333,-1914.463104,0.000000,156.970727,11.989226
Phase_19,Ramped Internal Load [Phase_19],-19.000000,75.958333,1,-0.002963,-0.018925,0.019155,-0.000403,-0.009257,0.009266,0.018925,-0.002963,72.852541,-35.537301,-1830.276801,0.000000,164.821644,10.866420
Phase_19,Ramped Internal Load [Phase_19],-19.000000,75.416667,1,-0.002831,-0.018810,0.019022,-0.000360,-0.009213,0.009220,0.018810,-0.002831,55.143638,-29.933841,-1741.451074,0.000000,173.130648,9.827424
Phase_19,Ramped Internal Load [Phase_19],-19.000000,74.875000,1,-0.002706,-0.018694,0.018889,-0.000317,-0.009171,0.009176,0.018694,-0.002706,40.313055,-24.904827,-1647.991891,0.000000,181.931647,8.745156
Phase_19,Ramped Internal Load [Phase_19],-19.000000,74.333333,1,-0.002587,-0.018577,0.018757,-0.000274,-0.009131,0.009136,0.018577,-0.002587,28.056866,-20.459135,-1549.905221,0.000000,191.207708,7.918967
Phase_19,Ramped Internal Load [Phase_19],-19.000000,74.333333,1,-0.002587,-0.018577,0.018757,-0.000274,-0.009131,0.009136,0.018577,-0.002587,28.056866,-20.345569,-1549.540885,0.000000,191.193100,7.918792
Phase_19,Ramped Internal Load [Phase_19],-19.000000,73.791667,1,-0.002471,-0.018460,0.018625,-0.000231,-0.009095,0.009098,0.018460,-0.002471,18.121717,-16.366050,-1446.392827,0.000000,201.252006,7.195070
Phase_19,Ramped Internal Load [Phase_19],-19.000000,73.250000,1,-0.002358,-0.018344,0.018495,-0.000188,-0.009061,0.009063,0.018344,-0.002358,10.300725,-12.541180,-1337.070651,0.000000,212.347055,6.971194
Phase_19,Ramped Internal Load [Phase_19],-19.000000,72.708333,1,-0.002247,-0.018228,0.018366,-0.000144,-0.009030,0.009031,0.018228,-0.002247,4.498858,-8.901615,-1221.586949,0.000000,224.004732,6.510793
Phase_19,Ramped Internal Load [Phase_19],-19.000000,72.166667,1,-0.002137,-0.018114,0.018240,-0.000100,-0.009001,0.009002,0.018114,-0.002137,0.616682,-5.478011,-1099.954308,0.000000,236.368050,6.890087
Phase_19,Ramped Internal Load [Phase_19],-19.000000,72.166667,1,-0.002137,-0.018114,0.018240,-0.000100,-0.009001,0.009002,0.018114,-0.002137,0.616682,-5.506027,-1105.770849,0.000000,233.658797,6.814240
Phase_19,Ramped Internal Load [Phase_19],-19.000000,71.625000,1,-0.002028,-0.018002,0.018116,-0.000055,-0.008976,0.008977,0.018002,-0.002028,-1.379219,-1.819721,-967.131311,0.000000,251.520264,5.634354
Phase_19,Ramped Internal Load [Phase_19],-19.000000,71.083333,1,-0.001918,-0.017893,0.017996,-0.000009,-0.008955,0.008955,0.017893,-0.001918,-1.474771,1.011750,-836.429287,0.000000,251.630347,6.637698
Phase_19,Ramped Internal Load [Phase_19],-19.000000,70.541667,1,-0.001808,-0.017786,0.017878,0.000037,-0.008936,0.008936,0.017786,-0.001808,-0.633862,1.898403,-720.040336,0.000000,198.666249,-1.547293
Phase_19,Ramped Internal Load [Phase_19],-19.000000,70.000000,1,-0.001698,-0.017681,0.017763,0.000083,-0.008919,0.008920,0.017681,-0.001698,0.000000,-0.249745,-624.340020,0.000000,81.036501,-5.134743
Phase_38,Apply Ship Impact to NRW (930kPa) [Phase_38],-19.000000,96.000000,1,-0.032764,0.012179,0.034954,0.002622,0.000718,0.002719,-0.012179,-0.032764,0.000000,-1647.755101,-379.641608,0.000000,0.000000,0.000000
Phase_38,Apply Ship Impact to NRW (930kPa) [Phase_38],-19.000000,95.850000,1,-0.032809,0.012185,0.034999,0.002540,0.000717,0.002639,-0.012185,-0.032809,-250.930728,-1646.036157,-406.552578,0.000000,-218.551089,1155.956772
Phase_38,Apply Ship Impact to NRW (930kPa) [Phase_38],-19.000000,95.700000,1,-0.032881,0.012209,0.035074,0.002460,0.000715,0.002562,-0.012209,-0.032881,-477.160977,-1308.406961,-447.060558,0.000000,-316.609418,3226.900652
Phase_38,Apply Ship Impact to NRW (930kPa) [Phase_38],-19.000000,95.550000,1,-0.032978,0.012258,0.035182,0.002385,0.000714,0.002490,-0.012258,-0.032978,-625.805758,-615.831336,-500.243284,0.000000,-387.566074,5889.090042
Phase_38,Apply Ship Impact to NRW (930kPa) [Phase_38],-19.000000,95.400000,1,-0.033199,0.012348,0.035421,0.002319,0.000713,0.002426,-0.012348,-0.033199,-643.084497,450.726898,-565.178495,0.000000,-12.331254,2.165083
Phase_38,Apply Ship Impact to NRW (930kPa) [Phase_38],-19.000000,95.400000,1,-0.033199,0.012348,0.035421,0.002319,0.000713,0.002426,-0.012348,-0.033199,-643.084497,61.256572,-543.939281,0.000000,0.000000,0.787422
Phase_38,Apply Ship Impact to NRW (930kPa) [Phase_38],-19.000000,95.318623,1,-0.033321,0.012407,0.035556,0.002285,0.000712,0.002393,-0.012407,-0.033321,-638.094488,61.436200,-544.352393,0.000000,0.000000,2.855158
Phase_38,Apply Ship Impact to NRW (930kPa) [Phase_38],-19.000000,95.237246,1,-0.033396,0.012473,0.035649,0.002251,0.000711,0.002361,-0.012473,-0.033396,-633.082179,61.733172,-544.765817,0.000000,0.000000,4.790956
Phase_38,Apply Ship Impact to NRW (930kPa) [Phase_38],-19.000000,95.155869,1,-0.033465,0.012548,0.035740,0.002217,0.000710,0.002328,-0.012548,-0.033465,-628.042532,62.115815,-545.179243,0.000000,0.000000,4.960937
Phase_38,Apply Ship Impact to NRW (930kPa) [Phase_38],-19.000000,95.074492,1,-0.033528,0.012631,0.035828,0.002184,0.000709,0.002296,-0.012631,-0.033528,-622.971284,62.552457,-545.592362,0.000000,0.000000,2.888680
Phase_38,Apply Ship Impact to NRW (930kPa) [Phase_38],-19.000000,95.074492,1,-0.033528,0.012631,0.035828,0.002184,0.000709,0.002296,-0.012631,-0.033528,-622.971284,62.491748,-545.592548,0.000000,0.000000,2.888680
Phase_38,Apply Ship Impact to NRW (930kPa) [Phase_38],-19.000000,94.987367,1,-0.033383,0.012714,0.035722,0.002149,0.000708,0.002263,-0.012714,-0.033383,-617.519561,62.672673,-546.034713,0.000000,0.000000,1.677617
Phase_38,Apply Ship Impact to NRW (930kPa) [Phase_38],-19.000000,94.900243,1,-0.033230,0.012795,0.035608,0.002114,0.000708,0.002229,-0.012795,-0.033230,-612.052626,62.783514,-546.477280,0.000000,0.000000,0.852147
Phase_38,Apply Ship Impact to NRW (930kPa) [Phase_38],-19.000000,94.813118,1,-0.033082,0.012875,0.035499,0.002079,0.000707,0.002196,-0.012875,-0.033082,-606.579017,62.825595,-546.919939,0.000000,0.000000,0.099032
Phase_38,Apply Ship Impact to NRW (930kPa) [Phase_38],-19.000000,94.725993,1,-0.032934,0.012960,0.035392,0.002045,0.000706,0.002164,-0.012960,-0.032934,-601.107235,62.800241,-547.362381,0.000000,0.000000,0.794504
Phase_38,Apply Ship Impact to NRW (930kPa) [Phase_38],-19.000000,94.725993,1,-0.032934,0.012960,0.035392,0.002045,0.000706,0.002164,-0.012960,-0.032934,-601.107235,62.770157,-547.362916,0.000000,0.000000,0.794504
Phase_38,Apply Ship Impact to NRW (930kPa) [Phase_38],-19.000000,94.374430,1,-0.032286,0.013337,0.034932,0.001912,0.000702,0.002036,-0.013337,-0.032286,-578.853014,64.214004,-549.147731,0.000000,0.000000,6.714669
Phase_38,Apply Ship Impact to NRW (930kPa) [Phase_38],-19.000000,94.022866,1,-0.031566,0.013713,0.034416,0.001784,0.000699,0.001916,-0.013713,-0.031566,-555.728482,67.566880,-550.933469,0.000000,0.000000,12.867560
Phase_38,Apply Ship Impact to NRW (930kPa) [Phase_38],-19.000000,93.671303,1,-0.030769,0.014066,0.033832,0.001662,0.000695,0.001802,-0.014066,-0.030769,-531.134130,72.626040,-552.718937,0.000000,0.000000,16.422563
Phase_38,Apply Ship Impact to NRW (930kPa) [Phase_38],-19.000000,93.319740,1,-0.029892,0.014409,0.033183,0.001547,0.000692,0.001695,-0.014409,-0.029892,-504.491693,79.188738,-554.502943,0.000000,0.000000,15.967759
Phase_38,Apply Ship Impact to NRW (930kPa) [Phase_38],-19.000000,93.319740,1,-0.029892,0.014409,0.033183,0.001547,0.000692,0.001695,-0.014409,-0.029892,-504.491693,78.450385,-555.449305,0.000000,0.000000,12.941572
Phase_38,Apply Ship Impact to NRW (930kPa) [Phase_38],-19.000000,92.841633,1,-0.028598,0.014545,0.032085,0.001399,0.000687,0.001558,-0.014545,-0.028598,-464.897307,88.212404,-556.243471,0.000000,0.000000,26.503145
Phase_38,Apply Ship Impact to NRW (930kPa) [Phase_38],-19.000000,92.363526,1,-0.027555,0.014590,0.031179,0.001261,0.000682,0.001434,-0.014590,-0.027555,-419.204212,103.823442,-559.558355,0.000000,0.000000,38.948127
Phase_38,Apply Ship Impact to NRW (930kPa) [Phase_38],-19.000000,91.885418,1,-0.026490,0.014388,0.030146,0.001134,0.000677,0.001321,-0.014388,-0.026490,-364.681363,125.182251,-567.347730,0.000000,-18.718931,50.549618
Phase_38,Apply Ship Impact to NRW (930kPa) [Phase_38],-19.000000,91.407311,1,-0.025752,0.014267,0.029440,0.001016,0.000673,0.001219,-0.014267,-0.025752,-298.609579,152.187585,-581.565364,0.000000,-15.845330,61.070610
Phase_38,Apply Ship Impact to NRW (930kPa) [Phase_38],-19.000000,91.407311,1,-0.025752,0.014267,0.029440,0.001016,0.000673,0.001219,-0.014267,-0.025752,-298.609579,162.840628,-581.120736,0.000000,-27.715025,103.156240
Phase_38,Apply Ship Impact to NRW (930kPa) [Phase_38],-19.000000,90.890492,1,-0.010042,0.002869,0.010444,0.000900,0.000668,0.001121,-0.002869,-0.010042,-210.400591,176.737386,-591.023354,0.000000,-11.936281,18.507124
Phase_38,Apply Ship Impact to NRW (930kPa) [Phase_38],-19.000000,90.373672,1,-0.008688,0.002748,0.009112,0.000795,0.000663,0.001035,-0.002748,-0.008688,-117.586259,181.298587,-598.434850,0.000000,-5.338750,-3.933568
Phase_38,Apply Ship Impact to NRW (930kPa) [Phase_38],-19.000000,89.856853,1,-0.007455,0.001659,0.007638,0.000699,0.000658,0.000960,-0.001659,-0.007455,-24.264760,178.281994,-604.061322,0.000000,-5.027800,-10.820790
Phase_38,Apply Ship Impact to NRW (930kPa) [Phase_38],-19.000000,89.340033,1,-0.006125,0.000492,0.006145,0.000614,0.000653,0.000896,-0.000492,-0.006125,65.742747,169.445368,-608.608866,0.000000,-6.111432,-22.933571
Phase_38,Apply Ship Impact to NRW (930kPa) [Phase_38],-19.000000,89.340033,1,-0.006125,0.000492,0.006145,0.000614,0.000653,0.000896,-0.000492,-0.006125,65.742747,169.610414,-609.563160,0.000000,-7.301511,-25.245500
Phase_38,Apply Ship Impact to NRW (930kPa) [Phase_38],-19.000000,88.817498,1,-0.005019,-0.000165,0.005022,0.000537,0.000648,0.000842,0.000165,-0.005019,150.500469,154.363985,-615.334416,0.000000,-7.026714,-32.164951
Phase_38,Apply Ship Impact to NRW (930kPa) [Phase_38],-19.000000,88.294962,1,-0.004192,-0.000872,0.004282,0.000469,0.000643,0.000796,0.000872,-0.004192,226.523815,136.025706,-622.175733,0.000000,-8.829718,-37.889142
Phase_38,Apply Ship Impact to NRW (930kPa) [Phase_38],-19.000000,87.772427,1,-0.003442,-0.001535,0.003769,0.000410,0.000638,0.000758,0.001535,-0.003442,292.142259,114.541907,-630.177395,0.000000,-11.468410,-44.205705
Phase_38,Apply Ship Impact to NRW (930kPa) [Phase_38],-19.000000,87.249891,1,-0.002789,-0.002205,0.003555,0.000358,0.000633,0.000727,0.002205,-0.002789,345.673324,89.858920,-639.429689,0.000000,-14.020482,-45.925333
Phase_38,Apply Ship Impact to NRW (930kPa) [Phase_38],-19.000000,87.249891,1,-0.002789,-0.002205,0.003555,0.000358,0.000633,0.000727,0.002205,-0.002789,345.673324,91.421828,-639.619383,0.000000,-14.125042,-46.371189
Phase_38,Apply Ship Impact to NRW (930kPa) [Phase_38],-19.000000,86.721576,1,-0.002179,-0.002849,0.003587,0.000312,0.000629,0.000702,0.002849,-0.002179,386.950192,65.185595,-649.741567,0.000000,-14.983536,-47.751782
Phase_38,Apply Ship Impact to NRW (930kPa) [Phase_38],-19.000000,86.193262,1,-0.001762,-0.003550,0.003964,0.000273,0.000624,0.000681,0.003550,-0.001762,414.895389,40.947673,-660.823506,0.000000,-16.841693,-44.093177
Phase_38,Apply Ship Impact to NRW (930kPa) [Phase_38],-19.000000,85.664947,1,-0.001560,-0.004330,0.004602,0.000239,0.000620,0.000664,0.004330,-0.001560,430.592541,18.788191,-672.833745,0.000000,-18.498109,-39.882741
Phase_38,Apply Ship Impact to NRW (930kPa) [Phase_38],-19.000000,85.136632,1,-0.001583,-0.005183,0.005419,0.000210,0.000615,0.000650,0.005183,-0.001583,435.134169,-1.212724,-685.740828,0.000000,-19.107256,-33.333090
Phase_38,Apply Ship Impact to NRW (930kPa) [Phase_38],-19.000000,85.136632,1,-0.001583,-0.005183,0.005419,0.000210,0.000615,0.000650,0.005183,-0.001583,435.134169,-0.691266,-685.316853,0.000000,-19.073723,-33.246098
Phase_38,Apply Ship Impact to NRW (930kPa) [Phase_38],-19.000000,84.602474,1,-0.001807,-0.006077,0.006340,0.000186,0.000610,0.000638,0.006077,-0.001807,430.185088,-17.349949,-698.323449,0.000000,-17.982902,-28.474195
Phase_38,Apply Ship Impact to NRW (930kPa) [Phase_38],-19.000000,84.068316,1,-0.002152,-0.006915,0.007242,0.000165,0.000606,0.000628,0.006915,-0.002152,417.119247,-31.081906,-709.994865,0.000000,-15.749236,-22.819101
Phase_38,Apply Ship Impact to NRW (930kPa) [Phase_38],-19.000000,83.534158,1,-0.002561,-0.007647,0.008064,0.000148,0.000602,0.000620,0.007647,-0.002561,397.482724,-41.944578,-720.206787,0.000000,-12.517658,-17.729816
Phase_38,Apply Ship Impact to NRW (930kPa) [Phase_38],-19.000000,83.000000,1,-0.002967,-0.008248,0.008765,0.000133,0.000597,0.000612,0.008248,-0.002967,372.810100,-49.995402,-728.834904,0.000000,-8.588806,-12.878206
Phase_38,Apply Ship Impact to NRW (930kPa) [Phase_38],-19.000000,83.000000,1,-0.002967,-0.008248,0.008765,0.000133,0.000597,0.000612,0.008248,-0.002967,372.810100,-50.223956,-728.625090,0.000000,-8.675570,-12.861880
Phase_38,Apply Ship Impact to NRW (930kPa) [Phase_38],-19.000000,82.458333,1,-0.003317,-0.008720,0.009329,0.000121,0.000593,0.000605,0.008720,-0.003317,344.062085,-55.550548,-734.942115,0.000000,-4.250230,-7.740705
Phase_38,Apply Ship Impact to NRW (930kPa) [Phase_38],-19.000000,81.916667,1,-0.003577,-0.009065,0.009745,0.000111,0.000589,0.000599,0.009065,-0.003577,313.047788,-58.576304,-738.738293,0.000000,0.354168,-3.287762
Phase_38,Apply Ship Impact to NRW (930kPa) [Phase_38],-19.000000,81.375000,1,-0.003722,-0.009295,0.010013,0.000103,0.000585,0.000594,0.009295,-0.003722,280.989827,-59.385094,-739.989405,0.000000,5.147960,0.445902
Phase_38,Apply Ship Impact to NRW (930kPa) [Phase_38],-19.000000,80.833333,1,-0.003716,-0.009409,0.010116,0.000095,0.000581,0.000589,0.009409,-0.003716,249.096632,-58.060790,-738.671230,0.000000,10.060174,3.511312
Phase_38,Apply Ship Impact to NRW (930kPa) [Phase_38],-19.000000,80.833333,1,-0.003716,-0.009409,0.010116,0.000095,0.000581,0.000589,0.009409,-0.003716,249.096632,-58.367462,-738.674600,0.000000,10.186700,3.522896
Phase_38,Apply Ship Impact to NRW (930kPa) [Phase_38],-19.000000,80.291667,1,-0.003570,-0.009433,0.010086,0.000089,0.000577,0.000584,0.009433,-0.003570,218.204463,-55.574153,-734.468585,0.000000,15.297583,5.869710
Phase_38,Apply Ship Impact to NRW (930kPa) [Phase_38],-19.000000,79.750000,1,-0.003391,-0.009421,0.010012,0.000083,0.000573,0.000579,0.009421,-0.003391,189.039144,-51.979629,-727.597933,0.000000,20.251059,7.529460
Phase_38,Apply Ship Impact to NRW (930kPa) [Phase_38],-19.000000,79.208333,1,-0.003224,-0.009399,0.009936,0.000078,0.000569,0.000575,0.009399,-0.003224,162.010158,-47.664859,-718.087070,0.000000,25.047112,8.529366
Phase_38,Apply Ship Impact to NRW (930kPa) [Phase_38],-19.000000,78.666667,1,-0.003072,-0.009371,0.009862,0.000074,0.000566,0.000571,0.009371,-0.003072,137.514319,-42.710814,-705.960424,0.000000,29.688107,9.024598
Phase_38,Apply Ship Impact to NRW (930kPa) [Phase_38],-19.000000,78.666667,1,-0.003072,-0.009371,0.009862,0.000074,0.000566,0.000571,0.009371,-0.003072,137.514319,-42.902270,-706.019790,0.000000,29.675315,9.022608
Phase_38,Apply Ship Impact to NRW (930kPa) [Phase_38],-19.000000,78.125000,1,-0.002935,-0.009334,0.009784,0.000070,0.000562,0.000567,0.009334,-0.002935,115.643507,-37.897176,-691.442489,0.000000,34.150356,9.038728
Phase_38,Apply Ship Impact to NRW (930kPa) [Phase_38],-19.000000,77.583333,1,-0.002811,-0.009290,0.009706,0.000065,0.000559,0.000563,0.009290,-0.002811,96.423712,-33.098980,-674.523336,0.000000,38.485151,8.728662
Phase_38,Apply Ship Impact to NRW (930kPa) [Phase_38],-19.000000,77.041667,1,-0.002699,-0.009238,0.009625,0.000061,0.000556,0.000559,0.009238,-0.002699,79.734129,-28.543849,-655.289585,0.000000,42.697495,8.141154
Phase_38,Apply Ship Impact to NRW (930kPa) [Phase_38],-19.000000,76.500000,1,-0.002598,-0.009181,0.009542,0.000057,0.000553,0.000556,0.009181,-0.002598,65.448814,-24.267955,-633.768488,0.000000,46.816508,7.385656
Phase_38,Apply Ship Impact to NRW (930kPa) [Phase_38],-19.000000,76.500000,1,-0.002598,-0.009181,0.009542,0.000057,0.000553,0.000556,0.009181,-0.002598,65.448814,-24.316234,-633.776928,0.000000,46.818317,7.385989
Phase_38,Apply Ship Impact to NRW (930kPa) [Phase_38],-19.000000,75.958333,1,-0.002507,-0.009118,0.009457,0.000053,0.000550,0.000552,0.009118,-0.002507,53.323766,-20.544355,-610.090578,0.000000,50.862740,6.511329
Phase_38,Apply Ship Impact to NRW (930kPa) [Phase_38],-19.000000,75.416667,1,-0.002422,-0.009051,0.009369,0.000049,0.000547,0.000549,0.009051,-0.002422,43.104366,-17.263737,-584.186013,0.000000,54.905123,5.596607
Phase_38,Apply Ship Impact to NRW (930kPa) [Phase_38],-19.000000,74.875000,1,-0.002344,-0.008979,0.009280,0.000045,0.000544,0.000546,0.008979,-0.002344,34.528307,-14.474947,-556.074661,0.000000,59.011761,4.695151
Phase_38,Apply Ship Impact to NRW (930kPa) [Phase_38],-19.000000,74.333333,1,-0.002271,-0.008905,0.009190,0.000041,0.000541,0.000543,0.008905,-0.002271,27.333727,-12.178553,-525.767951,0.000000,63.235733,3.849550
Phase_38,Apply Ship Impact to NRW (930kPa) [Phase_38],-19.000000,74.333333,1,-0.002271,-0.008905,0.009190,0.000041,0.000541,0.000543,0.008905,-0.002271,27.333727,-12.132572,-525.659003,0.000000,63.241205,3.850006
Phase_38,Apply Ship Impact to NRW (930kPa) [Phase_38],-19.000000,73.791667,1,-0.002203,-0.008827,0.009097,0.000037,0.000539,0.000540,0.008827,-0.002203,21.272765,-10.303922,-493.099434,0.000000,67.623817,3.116215
Phase_38,Apply Ship Impact to NRW (930kPa) [Phase_38],-19.000000,73.250000,1,-0.002137,-0.008747,0.009004,0.000033,0.000537,0.000538,0.008747,-0.002137,16.118019,-8.766873,-457.928111,0.000000,72.282993,2.514921
Phase_38,Apply Ship Impact to NRW (930kPa) [Phase_38],-19.000000,72.708333,1,-0.002074,-0.008664,0.008909,0.000029,0.000534,0.000535,0.008664,-0.002074,11.724966,-7.496688,-420.122080,0.000000,77.353024,2.130767
Phase_38,Apply Ship Impact to NRW (930kPa) [Phase_38],-19.000000,72.166667,1,-0.002013,-0.008581,0.008813,0.000025,0.000532,0.000533,0.008581,-0.002013,7.953417,-6.468627,-379.658390,0.000000,82.823726,1.889629
Phase_38,Apply Ship Impact to NRW (930kPa) [Phase_38],-19.000000,72.166667,1,-0.002013,-0.008581,0.008813,0.000025,0.000532,0.000533,0.008581,-0.002013,7.953417,-6.270106,-380.672277,0.000000,82.057907,1.862655
Phase_38,Apply Ship Impact to NRW (930kPa) [Phase_38],-19.000000,71.625000,1,-0.001953,-0.008496,0.008717,0.000020,0.000531,0.000531,0.008496,-0.001953,4.747099,-5.480759,-335.229101,0.000000,88.814129,2.022359
Phase_38,Apply Ship Impact to NRW (930kPa) [Phase_38],-19.000000,71.083333,1,-0.001893,-0.008410,0.008620,0.000016,0.000529,0.000529,0.008410,-0.001893,2.121694,-4.098653,-289.115153,0.000000,95.317833,2.995203
Phase_38,Apply Ship Impact to NRW (930kPa) [Phase_38],-19.000000,70.541667,1,-0.001834,-0.008323,0.008522,0.000012,0.000528,0.000528,0.008323,-0.001834,0.421694,-2.074693,-244.605457,0.000000,82.890091,4.392538
Phase_38,Apply Ship Impact to NRW (930kPa) [Phase_38],-19.000000,70.000000,1,-0.001774,-0.008236,0.008424,0.000008,0.000526,0.000526,0.008236,-0.001774,-0.000000,0.640215,-203.975040,0.000000,26.965070,1.844100
Phase_39,Apply Ship Impact to ATC Wall (65kPa) [Phase_39],-19.000000,96.000000,1,-0.033952,0.011364,0.035803,0.001434,-0.000098,0.001438,-0.011364,-0.033952,-0.000000,-1012.630297,-495.202330,0.000000,0.000000,0.000000
Phase_39,Apply Ship Impact to ATC Wall (65kPa) [Phase_39],-19.000000,95.850000,1,-0.033934,0.011371,0.035788,0.001415,-0.000098,0.001419,-0.011371,-0.033934,-154.201338,-1011.654172,-530.591430,0.000000,-288.970127,705.847287
Phase_39,Apply Ship Impact to ATC Wall (65kPa) [Phase_39],-19.000000,95.700000,1,-0.033945,0.011396,0.035807,0.001396,-0.000097,0.001399,-0.011396,-0.033945,-293.323464,-805.435874,-583.844793,0.000000,-417.672013,1970.872023
Phase_39,Apply Ship Impact to ATC Wall (65kPa) [Phase_39],-19.000000,95.550000,1,-0.033987,0.011446,0.035863,0.001376,-0.000097,0.001379,-0.011446,-0.033987,-385.048194,-382.305879,-653.765934,0.000000,-511.231293,3598.317469
Phase_39,Apply Ship Impact to ATC Wall (65kPa) [Phase_39],-19.000000,95.400000,1,-0.034164,0.011539,0.036060,0.001354,-0.000097,0.001358,-0.011539,-0.034164,-396.508391,269.405332,-739.158362,0.000000,-9.132337,3.378349
Phase_39,Apply Ship Impact to ATC Wall (65kPa) [Phase_39],-19.000000,95.400000,1,-0.034164,0.011539,0.036060,0.001354,-0.000097,0.001358,-0.011539,-0.034164,-396.508391,31.455805,-710.820543,0.000000,0.000000,0.473004
Phase_39,Apply Ship Impact to ATC Wall (65kPa) [Phase_39],-19.000000,95.318623,1,-0.034263,0.011599,0.036173,0.001343,-0.000097,0.001346,-0.011599,-0.034263,-393.938920,31.711580,-711.233576,0.000000,0.000000,3.227346
Phase_39,Apply Ship Impact to ATC Wall (65kPa) [Phase_39],-19.000000,95.237246,1,-0.034316,0.011666,0.036245,0.001331,-0.000096,0.001334,-0.011666,-0.034316,-391.346796,31.981878,-711.646908,0.000000,0.000000,3.439718
Phase_39,Apply Ship Impact to ATC Wall (65kPa) [Phase_39],-19.000000,95.155869,1,-0.034363,0.011741,0.036314,0.001319,-0.000096,0.001322,-0.011741,-0.034363,-388.732216,32.264207,-712.060244,0.000000,0.000000,3.523060
Phase_39,Apply Ship Impact to ATC Wall (65kPa) [Phase_39],-19.000000,95.074492,1,-0.034405,0.011825,0.036381,0.001307,-0.000096,0.001310,-0.011825,-0.034405,-386.095432,32.556075,-712.473292,0.000000,0.000000,1.887662
Phase_39,Apply Ship Impact to ATC Wall (65kPa) [Phase_39],-19.000000,95.074492,1,-0.034405,0.011825,0.036381,0.001307,-0.000096,0.001310,-0.011825,-0.034405,-386.095432,32.532107,-712.473495,0.000000,0.000000,1.887662
Phase_39,Apply Ship Impact to ATC Wall (65kPa) [Phase_39],-19.000000,94.987367,1,-0.034238,0.011909,0.036250,0.001294,-0.000096,0.001298,-0.011909,-0.034238,-383.258176,32.604494,-712.915703,0.000000,0.000000,0.537948
Phase_39,Apply Ship Impact to ATC Wall (65kPa) [Phase_39],-19.000000,94.900243,1,-0.034063,0.011992,0.036112,0.001281,-0.000096,0.001285,-0.011992,-0.034063,-380.415642,32.624582,-713.358221,0.000000,0.000000,-0.110886
Phase_39,Apply Ship Impact to ATC Wall (65kPa) [Phase_39],-19.000000,94.813118,1,-0.033893,0.012073,0.035979,0.001268,-0.000095,0.001272,-0.012073,-0.033893,-377.573460,32.595659,-713.800738,0.000000,0.000000,-0.587223
Phase_39,Apply Ship Impact to ATC Wall (65kPa) [Phase_39],-19.000000,94.725993,1,-0.033724,0.012159,0.035849,0.001255,-0.000095,0.001259,-0.012159,-0.033724,-374.737168,32.521018,-714.242943,0.000000,0.000000,0.520929
Phase_39,Apply Ship Impact to ATC Wall (65kPa) [Phase_39],-19.000000,94.725993,1,-0.033724,0.012159,0.035849,0.001255,-0.000095,0.001259,-0.012159,-0.033724,-374.737168,32.401012,-714.243489,0.000000,0.000000,0.520929
Phase_39,Apply Ship Impact to ATC Wall (65kPa) [Phase_39],-19.000000,94.374430,1,-0.032994,0.012540,0.035297,0.001203,-0.000094,0.001207,-0.012540,-0.032994,-363.106091,34.194957,-716.027851,0.000000,0.000000,8.096251
Phase_39,Apply Ship Impact to ATC Wall (65kPa) [Phase_39],-19.000000,94.022866,1,-0.032199,0.012920,0.034695,0.001151,-0.000094,0.001155,-0.012920,-0.032199,-350.429834,38.192019,-717.813475,0.000000,0.000000,15.304916
Phase_39,Apply Ship Impact to ATC Wall (65kPa) [Phase_39],-19.000000,93.671303,1,-0.031332,0.013277,0.034030,0.001099,-0.000093,0.001103,-0.013277,-0.031332,-336.018907,44.128569,-719.599102,0.000000,0.000000,19.130964
Phase_39,Apply Ship Impact to ATC Wall (65kPa) [Phase_39],-19.000000,93.319740,1,-0.030391,0.013625,0.033306,0.001047,-0.000092,0.001051,-0.013625,-0.030391,-319.211504,51.740981,-721.383478,0.000000,0.000000,18.614837
Phase_39,Apply Ship Impact to ATC Wall (65kPa) [Phase_39],-19.000000,93.319740,1,-0.030391,0.013625,0.033306,0.001047,-0.000092,0.001051,-0.013625,-0.030391,-319.211504,50.955100,-722.224388,0.000000,0.000000,15.086980
Phase_39,Apply Ship Impact to ATC Wall (65kPa) [Phase_39],-19.000000,92.841633,1,-0.029019,0.013767,0.032120,0.000978,-0.000091,0.000982,-0.013767,-0.029019,-292.540337,61.609508,-723.200735,0.000000,0.000000,28.211151
Phase_39,Apply Ship Impact to ATC Wall (65kPa) [Phase_39],-19.000000,92.363526,1,-0.027907,0.013818,0.031141,0.000909,-0.000090,0.000913,-0.013818,-0.027907,-259.386438,77.959918,-726.416995,0.000000,0.000000,40.326151
Phase_39,Apply Ship Impact to ATC Wall (65kPa) [Phase_39],-19.000000,91.885418,1,-0.026782,0.013622,0.030047,0.000842,-0.000089,0.000847,-0.013622,-0.026782,-217.085103,99.907933,-733.608980,0.000000,-16.632757,51.629382
Phase_39,Apply Ship Impact to ATC Wall (65kPa) [Phase_39],-19.000000,91.407311,1,-0.025992,0.013507,0.029292,0.000777,-0.000088,0.000782,-0.013507,-0.025992,-162.982971,127.355155,-746.512500,0.000000,-13.697981,61.827808
Phase_39,Apply Ship Impact to ATC Wall (65kPa) [Phase_39],-19.000000,91.407311,1,-0.025992,0.013507,0.029292,0.000777,-0.000088,0.000782,-0.013507,-0.025992,-162.982971,137.985851,-746.283341,0.000000,-23.658602,104.556665
Phase_39,Apply Ship Impact to ATC Wall (65kPa) [Phase_39],-19.000000,90.890492,1,-0.010233,0.002114,0.010449,0.000709,-0.000087,0.000715,-0.002114,-0.010233,-87.410616,152.676084,-754.143285,0.000000,-8.194430,20.055663
Phase_39,Apply Ship Impact to ATC Wall (65kPa) [Phase_39],-19.000000,90.373672,1,-0.008838,0.002000,0.009061,0.000645,-0.000086,0.000651,-0.002000,-0.008838,-6.830205,158.034878,-759.755559,0.000000,-2.236015,-2.439362
Phase_39,Apply Ship Impact to ATC Wall (65kPa) [Phase_39],-19.000000,89.856853,1,-0.007571,0.000916,0.007626,0.000584,-0.000085,0.000590,-0.000916,-0.007571,74.678229,155.844022,-763.760866,0.000000,-1.975079,-9.163327
Phase_39,Apply Ship Impact to ATC Wall (65kPa) [Phase_39],-19.000000,89.340033,1,-0.006213,-0.000244,0.006218,0.000527,-0.000083,0.000533,0.000244,-0.006213,153.315588,147.885303,-766.799912,0.000000,-2.643687,-20.902185
Phase_39,Apply Ship Impact to ATC Wall (65kPa) [Phase_39],-19.000000,89.340033,1,-0.006213,-0.000244,0.006218,0.000527,-0.000083,0.000533,0.000244,-0.006213,153.315588,148.088161,-767.641605,0.000000,-3.768447,-23.177377
Phase_39,Apply Ship Impact to ATC Wall (65kPa) [Phase_39],-19.000000,88.817498,1,-0.005084,-0.000895,0.005162,0.000472,-0.000082,0.000480,0.000895,-0.005084,227.127446,134.000200,-771.543849,0.000000,-3.372877,-29.849955
Phase_39,Apply Ship Impact to ATC Wall (65kPa) [Phase_39],-19.000000,88.294962,1,-0.004239,-0.001596,0.004530,0.000422,-0.000081,0.000430,0.001596,-0.004239,292.833658,116.924716,-776.436386,0.000000,-5.027577,-35.361863
Phase_39,Apply Ship Impact to ATC Wall (65kPa) [Phase_39],-19.000000,87.772427,1,-0.003475,-0.002254,0.004142,0.000376,-0.000080,0.000385,0.002254,-0.003475,348.819715,96.801271,-782.410219,0.000000,-7.511979,-41.517264
Phase_39,Apply Ship Impact to ATC Wall (65kPa) [Phase_39],-19.000000,87.249891,1,-0.002812,-0.002917,0.004052,0.000334,-0.000079,0.000344,0.002917,-0.002812,393.458306,73.569429,-789.556351,0.000000,-9.912918,-43.129137
Phase_39,Apply Ship Impact to ATC Wall (65kPa) [Phase_39],-19.000000,87.249891,1,-0.002812,-0.002917,0.004052,0.000334,-0.000079,0.000344,0.002917,-0.002812,393.458306,75.106148,-789.754919,0.000000,-9.965689,-43.540786
Phase_39,Apply Ship Impact to ATC Wall (65kPa) [Phase_39],-19.000000,86.721576,1,-0.002195,-0.003556,0.004179,0.000296,-0.000078,0.000306,0.003556,-0.002195,426.523442,50.407964,-797.621469,0.000000,-10.660186,-44.852382
Phase_39,Apply Ship Impact to ATC Wall (65kPa) [Phase_39],-19.000000,86.193262,1,-0.001773,-0.004252,0.004607,0.000262,-0.000077,0.000273,0.004252,-0.001773,447.064747,27.698393,-806.389403,0.000000,-12.398091,-41.193843
Phase_39,Apply Ship Impact to ATC Wall (65kPa) [Phase_39],-19.000000,85.664947,1,-0.001568,-0.005026,0.005265,0.000231,-0.000076,0.000243,0.005026,-0.001568,456.159609,7.048141,-816.034208,0.000000,-13.980047,-37.055731
Phase_39,Apply Ship Impact to ATC Wall (65kPa) [Phase_39],-19.000000,85.136632,1,-0.001590,-0.005873,0.006085,0.000203,-0.000075,0.000217,0.005873,-0.001590,454.893054,-11.472084,-826.531371,0.000000,-14.526327,-30.616026
Phase_39,Apply Ship Impact to ATC Wall (65kPa) [Phase_39],-19.000000,85.136632,1,-0.001590,-0.005873,0.006085,0.000203,-0.000075,0.000217,0.005873,-0.001590,454.893054,-10.964499,-826.104954,0.000000,-14.503735,-30.535530
Phase_39,Apply Ship Impact to ATC Wall (65kPa) [Phase_39],-19.000000,84.602474,1,-0.001814,-0.006762,0.007001,0.000179,-0.000074,0.000194,0.006762,-0.001814,444.839433,-26.207738,-836.663374,0.000000,-13.345962,-25.909357
Phase_39,Apply Ship Impact to ATC Wall (65kPa) [Phase_39],-19.000000,84.068316,1,-0.002159,-0.007595,0.007896,0.000158,-0.000073,0.000174,0.007595,-0.002159,427.399487,-38.614521,-845.832623,0.000000,-11.032072,-20.419326
Phase_39,Apply Ship Impact to ATC Wall (65kPa) [Phase_39],-19.000000,83.534158,1,-0.002569,-0.008321,0.008709,0.000139,-0.000072,0.000157,0.008321,-0.002569,404.071356,-48.245530,-853.482899,0.000000,-7.657983,-15.515149
Phase_39,Apply Ship Impact to ATC Wall (65kPa) [Phase_39],-19.000000,83.000000,1,-0.002977,-0.008917,0.009401,0.000123,-0.000072,0.000143,0.008917,-0.002977,376.341376,-55.161450,-859.484394,0.000000,-3.507085,-10.838640
Phase_39,Apply Ship Impact to ATC Wall (65kPa) [Phase_39],-19.000000,83.000000,1,-0.002977,-0.008917,0.009401,0.000123,-0.000072,0.000143,0.008917,-0.002977,376.341376,-55.390662,-859.259528,0.000000,-3.568811,-10.812269
Phase_39,Apply Ship Impact to ATC Wall (65kPa) [Phase_39],-19.000000,82.458333,1,-0.003329,-0.009384,0.009957,0.000109,-0.000071,0.000130,0.009384,-0.003329,345.087133,-59.657796,-862.759309,0.000000,1.032107,-5.887131
Phase_39,Apply Ship Impact to ATC Wall (65kPa) [Phase_39],-19.000000,81.916667,1,-0.003590,-0.009724,0.010366,0.000097,-0.000070,0.000120,0.009724,-0.003590,312.109721,-61.735060,-863.650358,0.000000,5.798292,-1.639285
Phase_39,Apply Ship Impact to ATC Wall (65kPa) [Phase_39],-19.000000,81.375000,1,-0.003737,-0.009949,0.010628,0.000087,-0.000069,0.000111,0.009949,-0.003737,278.571888,-61.707355,-861.911949,0.000000,10.741930,1.885906
Phase_39,Apply Ship Impact to ATC Wall (65kPa) [Phase_39],-19.000000,80.833333,1,-0.003733,-0.010058,0.010728,0.000078,-0.000068,0.000104,0.010058,-0.003733,245.622185,-59.659582,-857.523356,0.000000,15.804494,4.743328
Phase_39,Apply Ship Impact to ATC Wall (65kPa) [Phase_39],-19.000000,80.833333,1,-0.003733,-0.010058,0.010728,0.000078,-0.000068,0.000104,0.010058,-0.003733,245.622185,-59.962866,-857.524983,0.000000,15.924558,4.753506
Phase_39,Apply Ship Impact to ATC Wall (65kPa) [Phase_39],-19.000000,80.291667,1,-0.003588,-0.010078,0.010698,0.000071,-0.000068,0.000098,0.010078,-0.003588,214.034690,-56.563618,-850.176214,0.000000,21.174574,6.896580
Phase_39,Apply Ship Impact to ATC Wall (65kPa) [Phase_39],-19.000000,79.750000,1,-0.003410,-0.010061,0.010623,0.000065,-0.000067,0.000093,0.010061,-0.003410,184.474679,-52.463584,-840.082763,0.000000,26.269024,8.364936
Phase_39,Apply Ship Impact to ATC Wall (65kPa) [Phase_39],-19.000000,79.208333,1,-0.003243,-0.010034,0.010545,0.000059,-0.000066,0.000089,0.010034,-0.003243,157.298207,-47.741792,-827.270276,0.000000,31.215182,9.192552
Phase_39,Apply Ship Impact to ATC Wall (65kPa) [Phase_39],-19.000000,78.666667,1,-0.003091,-0.010002,0.010469,0.000055,-0.000066,0.000086,0.010002,-0.003091,132.849062,-42.477269,-811.764400,0.000000,36.026126,9.534424
Phase_39,Apply Ship Impact to ATC Wall (65kPa) [Phase_39],-19.000000,78.666667,1,-0.003091,-0.010002,0.010469,0.000055,-0.000066,0.000086,0.010002,-0.003091,132.849062,-42.660574,-811.815332,0.000000,36.012934,9.532430
Phase_39,Apply Ship Impact to ATC Wall (65kPa) [Phase_39],-19.000000,78.125000,1,-0.002954,-0.009961,0.010390,0.000051,-0.000065,0.000083,0.009961,-0.002954,111.175262,-37.421691,-793.761747,0.000000,40.672069,9.414959
Phase_39,Apply Ship Impact to ATC Wall (65kPa) [Phase_39],-19.000000,77.583333,1,-0.002829,-0.009913,0.010309,0.000047,-0.000064,0.000080,0.009913,-0.002829,92.262554,-32.450529,-773.255172,0.000000,45.203451,8.987534
Phase_39,Apply Ship Impact to ATC Wall (65kPa) [Phase_39],-19.000000,77.041667,1,-0.002716,-0.009858,0.010225,0.000044,-0.000064,0.000078,0.009858,-0.002716,75.957910,-27.781307,-750.323797,0.000000,49.626147,8.299984
Phase_39,Apply Ship Impact to ATC Wall (65kPa) [Phase_39],-19.000000,76.500000,1,-0.002614,-0.009797,0.010140,0.000042,-0.000063,0.000076,0.009797,-0.002614,62.103505,-23.448243,-724.995814,0.000000,53.970597,7.459186
Phase_39,Apply Ship Impact to ATC Wall (65kPa) [Phase_39],-19.000000,76.500000,1,-0.002614,-0.009797,0.010140,0.000042,-0.000063,0.000076,0.009797,-0.002614,62.103505,-23.490161,-724.994413,0.000000,53.973066,7.459526
Phase_39,Apply Ship Impact to ATC Wall (65kPa) [Phase_39],-19.000000,75.958333,1,-0.002521,-0.009731,0.010052,0.000039,-0.000063,0.000074,0.009731,-0.002521,50.431578,-19.702098,-697.377051,0.000000,58.257651,6.514806
Phase_39,Apply Ship Impact to ATC Wall (65kPa) [Phase_39],-19.000000,75.416667,1,-0.002435,-0.009660,0.009962,0.000037,-0.000062,0.000072,0.009660,-0.002435,40.666185,-16.434470,-667.394320,0.000000,62.560102,5.542684
Phase_39,Apply Ship Impact to ATC Wall (65kPa) [Phase_39],-19.000000,74.875000,1,-0.002355,-0.009585,0.009870,0.000034,-0.000062,0.000071,0.009585,-0.002355,32.529710,-13.686322,-635.057956,0.000000,66.948936,4.596517
Phase_39,Apply Ship Impact to ATC Wall (65kPa) [Phase_39],-19.000000,74.333333,1,-0.002280,-0.009507,0.009777,0.000032,-0.000061,0.000069,0.009507,-0.002280,25.745226,-11.456700,-600.379692,0.000000,71.479709,3.716776
Phase_39,Apply Ship Impact to ATC Wall (65kPa) [Phase_39],-19.000000,74.333333,1,-0.002280,-0.009507,0.009777,0.000032,-0.000061,0.000069,0.009507,-0.002280,25.745226,-11.406818,-600.259415,0.000000,71.485484,3.717226
Phase_39,Apply Ship Impact to ATC Wall (65kPa) [Phase_39],-19.000000,73.791667,1,-0.002210,-0.009426,0.009682,0.000030,-0.000061,0.000068,0.009426,-0.002210,20.055862,-9.658920,-563.149159,0.000000,76.212545,2.959277
Phase_39,Apply Ship Impact to ATC Wall (65kPa) [Phase_39],-19.000000,73.250000,1,-0.002142,-0.009344,0.009586,0.000028,-0.000061,0.000067,0.009344,-0.002142,15.226648,-8.211383,-523.225112,0.000000,81.239012,2.340259
Phase_39,Apply Ship Impact to ATC Wall (65kPa) [Phase_39],-19.000000,72.708333,1,-0.002077,-0.009259,0.009489,0.000026,-0.000060,0.000066,0.009259,-0.002077,11.108541,-7.038698,-480.467983,0.000000,86.674286,1.944328
Phase_39,Apply Ship Impact to ATC Wall (65kPa) [Phase_39],-19.000000,72.166667,1,-0.002013,-0.009173,0.009391,0.000024,-0.000060,0.000065,0.009173,-0.002013,7.556940,-6.115357,-434.858486,0.000000,92.506067,1.711256
Phase_39,Apply Ship Impact to ATC Wall (65kPa) [Phase_39],-19.000000,72.166667,1,-0.002013,-0.009173,0.009391,0.000024,-0.000060,0.000065,0.009173,-0.002013,7.556940,-5.903940,-436.149176,0.000000,91.532707,1.688118
Phase_39,Apply Ship Impact to ATC Wall (65kPa) [Phase_39],-19.000000,71.625000,1,-0.001951,-0.009086,0.009293,0.000022,-0.000060,0.000064,0.009086,-0.001951,4.516446,-5.224476,-384.869852,0.000000,99.192395,1.840200
Phase_39,Apply Ship Impact to ATC Wall (65kPa) [Phase_39],-19.000000,71.083333,1,-0.001889,-0.008998,0.009194,0.000020,-0.000059,0.000063,0.008998,-0.001889,2.009582,-3.919539,-333.256148,0.000000,105.654948,2.937516
Phase_39,Apply Ship Impact to ATC Wall (65kPa) [Phase_39],-19.000000,70.541667,1,-0.001827,-0.008910,0.009095,0.000019,-0.000059,0.000062,0.008910,-0.001827,0.386174,-1.966935,-283.833946,0.000000,91.099817,4.231844
Phase_39,Apply Ship Impact to ATC Wall (65kPa) [Phase_39],-19.000000,70.000000,1,-0.001765,-0.008821,0.008996,0.000017,-0.000059,0.000061,0.008821,-0.001765,0.000000,0.655529,-239.129128,0.000000,31.477107,1.566810
Phase_40,Apply silo lc 2 [Phase_40],-19.000000,96.000000,1,-0.016359,0.016456,0.023204,-0.001096,-0.000205,0.001115,-0.016456,-0.016359,-0.000000,1.309042,5.524405,0.000000,0.000000,0.000000
Phase_40,Apply silo lc 2 [Phase_40],-19.000000,95.850000,1,-0.016416,0.016457,0.023245,-0.001085,-0.000205,0.001104,-0.016457,-0.016416,0.202137,1.390445,4.762903,0.000000,0.000000,0.600940
Phase_40,Apply silo lc 2 [Phase_40],-19.000000,95.700000,1,-0.016505,0.016476,0.023321,-0.001074,-0.000205,0.001093,-0.016476,-0.016505,0.418101,1.490532,4.000831,0.000000,0.000000,0.752717
Phase_40,Apply silo lc 2 [Phase_40],-19.000000,95.550000,1,-0.016636,0.016520,0.023445,-0.001063,-0.000205,0.001083,-0.016520,-0.016636,0.650169,1.605996,3.238734,0.000000,0.000000,0.805980
Phase_40,Apply silo lc 2 [Phase_40],-19.000000,95.400000,1,-0.016916,0.016605,0.023704,-0.001052,-0.000205,0.001072,-0.016605,-0.016916,0.900469,1.733528,2.477159,0.000000,0.000000,0.086446
Phase_40,Apply silo lc 2 [Phase_40],-19.000000,95.400000,1,-0.016916,0.016605,0.023704,-0.001052,-0.000205,0.001072,-0.016605,-0.016916,0.900469,1.676407,2.476963,0.000000,0.000000,0.086959
Phase_40,Apply silo lc 2 [Phase_40],-19.000000,95.318623,1,-0.017075,0.016660,0.023856,-0.001046,-0.000205,0.001066,-0.016660,-0.017075,1.039719,1.747026,2.063805,0.000000,0.000000,0.877586
Phase_40,Apply silo lc 2 [Phase_40],-19.000000,95.237246,1,-0.017187,0.016723,0.023980,-0.001040,-0.000205,0.001060,-0.016723,-0.017187,1.184850,1.819225,1.650359,0.000000,0.000000,0.896551
Phase_40,Apply silo lc 2 [Phase_40],-19.000000,95.155869,1,-0.017294,0.016794,0.024107,-0.001034,-0.000205,0.001054,-0.016794,-0.017294,1.335915,1.892940,1.236918,0.000000,0.000000,0.914867
Phase_40,Apply silo lc 2 [Phase_40],-19.000000,95.074492,1,-0.017397,0.016874,0.024236,-0.001028,-0.000205,0.001048,-0.016874,-0.017397,1.492970,1.968109,0.823772,0.000000,0.000000,0.930738
Phase_40,Apply silo lc 2 [Phase_40],-19.000000,95.074492,1,-0.017397,0.016874,0.024236,-0.001028,-0.000205,0.001048,-0.016874,-0.017397,1.492970,1.968009,0.823564,0.000000,0.000000,0.930738
Phase_40,Apply silo lc 2 [Phase_40],-19.000000,94.987367,1,-0.017296,0.016953,0.024219,-0.001022,-0.000205,0.001042,-0.016953,-0.017296,1.667947,2.049842,0.381241,0.000000,0.000000,0.946033
Phase_40,Apply silo lc 2 [Phase_40],-19.000000,94.900243,1,-0.017187,0.017031,0.024196,-0.001015,-0.000205,0.001036,-0.017031,-0.017187,1.850192,2.132848,-0.061389,0.000000,0.000000,0.959321
Phase_40,Apply silo lc 2 [Phase_40],-19.000000,94.813118,1,-0.017084,0.017108,0.024177,-0.001009,-0.000205,0.001029,-0.017108,-0.017084,2.039712,2.216934,-0.504013,0.000000,0.000000,0.970821
Phase_40,Apply silo lc 2 [Phase_40],-19.000000,94.725993,1,-0.016982,0.017190,0.024164,-0.001002,-0.000205,0.001023,-0.017190,-0.016982,2.236517,2.302006,-0.946319,0.000000,0.000000,0.980734
Phase_40,Apply silo lc 2 [Phase_40],-19.000000,94.725993,1,-0.016982,0.017190,0.024164,-0.001002,-0.000205,0.001023,-0.017190,-0.016982,2.236517,2.298283,-0.946855,0.000000,0.000000,0.980734
Phase_40,Apply silo lc 2 [Phase_40],-19.000000,94.374430,1,-0.016533,0.017552,0.024113,-0.000977,-0.000205,0.000998,-0.017552,-0.016533,3.106688,2.653133,-2.731574,0.000000,0.000000,1.003726
Phase_40,Apply silo lc 2 [Phase_40],-19.000000,94.022866,1,-0.016029,0.017914,0.024038,-0.000951,-0.000205,0.000973,-0.017914,-0.016029,4.101722,3.004780,-4.517426,0.000000,0.000000,1.001952
Phase_40,Apply silo lc 2 [Phase_40],-19.000000,93.671303,1,-0.015464,0.018253,0.023923,-0.000925,-0.000205,0.000948,-0.018253,-0.015464,5.219255,3.350781,-6.303150,0.000000,0.000000,0.971603
Phase_40,Apply silo lc 2 [Phase_40],-19.000000,93.319740,1,-0.014835,0.018582,0.023777,-0.000900,-0.000205,0.000923,-0.018582,-0.014835,6.456705,3.688693,-8.087486,0.000000,0.000000,0.910507
Phase_40,Apply silo lc 2 [Phase_40],-19.000000,93.319740,1,-0.014835,0.018582,0.023777,-0.000900,-0.000205,0.000923,-0.018582,-0.014835,6.456705,3.674062,-7.978590,0.000000,0.000000,0.737949
Phase_40,Apply silo lc 2 [Phase_40],-19.000000,92.841633,1,-0.013903,0.018699,0.023301,-0.000866,-0.000205,0.000890,-0.018699,-0.013903,8.296978,4.010421,-10.594868,0.000000,0.000000,0.598831
Phase_40,Apply silo lc 2 [Phase_40],-19.000000,92.363526,1,-0.013248,0.018725,0.022938,-0.000832,-0.000206,0.000857,-0.018725,-0.013248,10.276031,4.248442,-12.919759,0.000000,0.000000,0.405820
Phase_40,Apply silo lc 2 [Phase_40],-19.000000,91.885418,1,-0.012596,0.018504,0.022385,-0.000798,-0.000206,0.000824,-0.018504,-0.012596,12.343886,4.383172,-14.724141,0.000000,2.178469,0.166699
Phase_40,Apply silo lc 2 [Phase_40],-19.000000,91.407311,1,-0.012294,0.018364,0.022099,-0.000766,-0.000206,0.000793,-0.018364,-0.012294,14.449875,4.409656,-15.778891,0.000000,2.016935,-0.055990
Phase_40,Apply silo lc 2 [Phase_40],-19.000000,91.407311,1,-0.012294,0.018364,0.022099,-0.000766,-0.000206,0.000793,-0.018364,-0.012294,14.449875,4.447120,-16.086630,0.000000,1.728028,-0.044276
Phase_40,Apply silo lc 2 [Phase_40],-19.000000,90.890492,1,0.002924,0.006943,0.007534,-0.000731,-0.000206,0.000760,-0.006943,0.002924,16.697836,4.223259,-17.548078,0.000000,2.345706,-0.585894
Phase_40,Apply silo lc 2 [Phase_40],-19.000000,90.373672,1,0.003771,0.006801,0.007777,-0.000698,-0.000206,0.000728,-0.006801,0.003771,18.786143,3.834421,-18.917485,0.000000,2.481424,-0.951374
Phase_40,Apply silo lc 2 [Phase_40],-19.000000,89.856853,1,0.004488,0.005690,0.007246,-0.000666,-0.000206,0.000697,-0.005690,0.004488,20.637052,3.299767,-20.176165,0.000000,2.774250,-1.150238
Phase_40,Apply silo lc 2 [Phase_40],-19.000000,89.340033,1,0.005300,0.004501,0.006953,-0.000635,-0.000206,0.000668,-0.004501,0.005300,22.175753,2.638458,-21.305429,0.000000,3.103333,-1.295785
Phase_40,Apply silo lc 2 [Phase_40],-19.000000,89.340033,1,0.005300,0.004501,0.006953,-0.000635,-0.000206,0.000668,-0.004501,0.005300,22.175753,2.658222,-21.286097,0.000000,3.494146,-1.481535
Phase_40,Apply silo lc 2 [Phase_40],-19.000000,88.817498,1,0.005885,0.003822,0.007017,-0.000605,-0.000207,0.000640,-0.003822,0.005885,23.363878,1.895832,-22.102691,0.000000,3.568774,-1.422454
Phase_40,Apply silo lc 2 [Phase_40],-19.000000,88.294962,1,0.006201,0.003092,0.006930,-0.000577,-0.000207,0.000613,-0.003092,0.006201,24.163306,1.170775,-22.863347,0.000000,3.677061,-1.356906
Phase_40,Apply silo lc 2 [Phase_40],-19.000000,87.772427,1,0.006456,0.002405,0.006889,-0.000551,-0.000207,0.000588,-0.002405,0.006456,24.594775,0.486334,-23.567646,0.000000,3.784507,-1.266980
Phase_40,Apply silo lc 2 [Phase_40],-19.000000,87.249891,1,0.006633,0.001712,0.006850,-0.000526,-0.000207,0.000565,-0.001712,0.006633,24.679428,-0.154208,-24.215166,0.000000,3.850281,-1.145717
Phase_40,Apply silo lc 2 [Phase_40],-19.000000,87.249891,1,0.006633,0.001712,0.006850,-0.000526,-0.000207,0.000565,-0.001712,0.006633,24.679428,-0.146711,-24.229381,0.000000,3.909161,-1.161748
Phase_40,Apply silo lc 2 [Phase_40],-19.000000,86.721576,1,0.006784,0.001044,0.006863,-0.000502,-0.000208,0.000544,-0.001044,0.006784,24.445593,-0.726443,-24.814458,0.000000,3.987106,-1.025395
Phase_40,Apply silo lc 2 [Phase_40],-19.000000,86.193262,1,0.006767,0.000318,0.006775,-0.000481,-0.000208,0.000524,-0.000318,0.006767,23.925058,-1.230409,-25.380078,0.000000,4.037881,-0.883675
Phase_40,Apply silo lc 2 [Phase_40],-19.000000,85.664947,1,0.006565,-0.000486,0.006583,-0.000460,-0.000208,0.000505,0.000486,0.006565,23.158768,-1.657322,-25.931269,0.000000,4.041737,-0.733674
Phase_40,Apply silo lc 2 [Phase_40],-19.000000,85.136632,1,0.006165,-0.001364,0.006314,-0.000441,-0.000209,0.000488,0.001364,0.006165,22.187795,-2.005899,-26.473058,0.000000,3.995572,-0.584143
Phase_40,Apply silo lc 2 [Phase_40],-19.000000,85.136632,1,0.006165,-0.001364,0.006314,-0.000441,-0.000209,0.000488,0.001364,0.006165,22.187795,-2.009216,-26.481506,0.000000,3.992764,-0.583704
Phase_40,Apply silo lc 2 [Phase_40],-19.000000,84.602474,1,0.005590,-0.002284,0.006039,-0.000424,-0.000209,0.000473,0.002284,0.005590,21.040284,-2.277266,-27.081038,0.000000,3.933973,-0.442062
Phase_40,Apply silo lc 2 [Phase_40],-19.000000,84.068316,1,0.004923,-0.003149,0.005844,-0.000408,-0.000209,0.000458,0.003149,0.004923,19.766487,-2.480655,-27.703895,0.000000,3.890368,-0.315926
Phase_40,Apply silo lc 2 [Phase_40],-19.000000,83.534158,1,0.004220,-0.003908,0.005751,-0.000393,-0.000210,0.000445,0.003908,0.004220,18.400718,-2.621273,-28.349310,0.000000,3.849502,-0.207007
Phase_40,Apply silo lc 2 [Phase_40],-19.000000,83.000000,1,0.003545,-0.004535,0.005757,-0.000379,-0.000210,0.000433,0.004535,0.003545,16.976948,-2.701010,-29.016516,0.000000,3.815655,-0.101417
Phase_40,Apply silo lc 2 [Phase_40],-19.000000,83.000000,1,0.003545,-0.004535,0.005757,-0.000379,-0.000210,0.000433,0.004535,0.003545,16.976948,-2.705019,-29.009894,0.000000,3.815922,-0.101425
Phase_40,Apply silo lc 2 [Phase_40],-19.000000,82.458333,1,0.002948,-0.005035,0.005835,-0.000366,-0.000210,0.000422,0.005035,0.002948,15.503686,-2.727185,-29.716027,0.000000,3.766343,0.004538
Phase_40,Apply silo lc 2 [Phase_40],-19.000000,81.916667,1,0.002465,-0.005409,0.005944,-0.000354,-0.000211,0.000412,0.005409,0.002465,14.031641,-2.699164,-30.432574,0.000000,3.737745,0.102992
Phase_40,Apply silo lc 2 [Phase_40],-19.000000,81.375000,1,0.002117,-0.005667,0.006049,-0.000343,-0.000211,0.000403,0.005667,0.002117,12.587520,-2.623460,-31.154685,0.000000,3.745795,0.180620
Phase_40,Apply silo lc 2 [Phase_40],-19.000000,80.833333,1,0.001938,-0.005808,0.006123,-0.000333,-0.000212,0.000394,0.005808,0.001938,11.197625,-2.502575,-31.877511,0.000000,3.786967,0.233786
Phase_40,Apply silo lc 2 [Phase_40],-19.000000,80.833333,1,0.001938,-0.005808,0.006123,-0.000333,-0.000212,0.000394,0.005808,0.001938,11.197625,-2.510032,-31.870149,0.000000,3.818921,0.235599
Phase_40,Apply silo lc 2 [Phase_40],-19.000000,80.291667,1,0.001916,-0.005861,0.006166,-0.000323,-0.000212,0.000387,0.005861,0.001916,9.876471,-2.365509,-32.527252,0.000000,3.910560,0.284921
Phase_40,Apply silo lc 2 [Phase_40],-19.000000,79.750000,1,0.001942,-0.005876,0.006188,-0.000314,-0.000212,0.000379,0.005876,0.001942,8.638719,-2.200800,-33.135482,0.000000,3.998312,0.325743
Phase_40,Apply silo lc 2 [Phase_40],-19.000000,79.208333,1,0.001967,-0.005881,0.006202,-0.000306,-0.000213,0.000373,0.005881,0.001967,7.495053,-2.017618,-33.693058,0.000000,4.097607,0.353134
Phase_40,Apply silo lc 2 [Phase_40],-19.000000,78.666667,1,0.001987,-0.005880,0.006207,-0.000298,-0.000213,0.000366,0.005880,0.001987,6.455904,-1.817678,-34.198202,0.000000,4.215521,0.363824
Phase_40,Apply silo lc 2 [Phase_40],-19.000000,78.666667,1,0.001987,-0.005880,0.006207,-0.000298,-0.000213,0.000366,0.005880,0.001987,6.455904,-1.823779,-34.191030,0.000000,4.213067,0.363627
Phase_40,Apply silo lc 2 [Phase_40],-19.000000,78.125000,1,0.002002,-0.005870,0.006202,-0.000290,-0.000213,0.000360,0.005870,0.002002,5.522870,-1.623344,-34.630204,0.000000,4.342940,0.361047
Phase_40,Apply silo lc 2 [Phase_40],-19.000000,77.583333,1,0.002010,-0.005851,0.006187,-0.000283,-0.000214,0.000355,0.005851,0.002010,4.695672,-1.432244,-34.988210,0.000000,4.488714,0.346367
Phase_40,Apply silo lc 2 [Phase_40],-19.000000,77.041667,1,0.002012,-0.005825,0.006163,-0.000276,-0.000214,0.000349,0.005825,0.002012,3.968994,-1.251786,-35.262928,0.000000,4.650497,0.321747
Phase_40,Apply silo lc 2 [Phase_40],-19.000000,76.500000,1,0.002008,-0.005792,0.006130,-0.000269,-0.000214,0.000344,0.005792,0.002008,3.337338,-1.083279,-35.452240,0.000000,4.828629,0.290770
Phase_40,Apply silo lc 2 [Phase_40],-19.000000,76.500000,1,0.002008,-0.005792,0.006130,-0.000269,-0.000214,0.000344,0.005792,0.002008,3.337338,-1.085056,-35.444779,0.000000,4.828558,0.290764
Phase_40,Apply silo lc 2 [Phase_40],-19.000000,75.958333,1,0.001999,-0.005752,0.006090,-0.000263,-0.000214,0.000339,0.005752,0.001999,2.790718,-0.937004,-35.534294,0.000000,5.020710,0.254869
Phase_40,Apply silo lc 2 [Phase_40],-19.000000,75.416667,1,0.001986,-0.005707,0.006043,-0.000256,-0.000215,0.000334,0.005707,0.001986,2.318655,-0.809006,-35.507846,0.000000,5.229909,0.217533
Phase_40,Apply silo lc 2 [Phase_40],-19.000000,74.875000,1,0.001969,-0.005657,0.005990,-0.000250,-0.000215,0.000329,0.005657,0.001969,1.910470,-0.701080,-35.363472,0.000000,5.456175,0.180747
Phase_40,Apply silo lc 2 [Phase_40],-19.000000,74.333333,1,0.001948,-0.005602,0.005931,-0.000244,-0.000215,0.000325,0.005602,0.001948,1.555503,-0.613245,-35.099211,0.000000,5.700552,0.147406
Phase_40,Apply silo lc 2 [Phase_40],-19.000000,74.333333,1,0.001948,-0.005602,0.005931,-0.000244,-0.000215,0.000325,0.005602,0.001948,1.555503,-0.610852,-35.094699,0.000000,5.700812,0.147416
Phase_40,Apply silo lc 2 [Phase_40],-19.000000,73.791667,1,0.001925,-0.005543,0.005868,-0.000238,-0.000215,0.000320,0.005543,0.001925,1.243956,-0.541526,-34.684465,0.000000,5.972802,0.119179
Phase_40,Apply silo lc 2 [Phase_40],-19.000000,73.250000,1,0.001901,-0.005480,0.005800,-0.000231,-0.000215,0.000316,0.005480,0.001901,0.967045,-0.482107,-34.124980,0.000000,6.251964,0.098636
Phase_40,Apply silo lc 2 [Phase_40],-19.000000,72.708333,1,0.001874,-0.005414,0.005729,-0.000225,-0.000215,0.000312,0.005414,0.001874,0.719924,-0.431714,-33.418551,0.000000,6.515423,0.085846
Phase_40,Apply silo lc 2 [Phase_40],-19.000000,72.166667,1,0.001847,-0.005345,0.005655,-0.000219,-0.000215,0.000308,0.005345,0.001847,0.497901,-0.389468,-32.567486,0.000000,6.757578,0.096306
Phase_40,Apply silo lc 2 [Phase_40],-19.000000,72.166667,1,0.001847,-0.005345,0.005655,-0.000219,-0.000215,0.000308,0.005345,0.001847,0.497901,-0.375404,-32.686332,0.000000,6.758005,0.096338
Phase_40,Apply silo lc 2 [Phase_40],-19.000000,71.625000,1,0.001819,-0.005273,0.005578,-0.000214,-0.000216,0.000303,0.005273,0.001819,0.303471,-0.334291,-31.454202,0.000000,7.237644,0.111193
Phase_40,Apply silo lc 2 [Phase_40],-19.000000,71.083333,1,0.001790,-0.005198,0.005498,-0.000208,-0.000216,0.000299,0.005198,0.001790,0.143509,-0.251760,-30.291940,0.000000,7.451917,0.207482
Phase_40,Apply silo lc 2 [Phase_40],-19.000000,70.541667,1,0.001762,-0.005121,0.005415,-0.000202,-0.000216,0.000295,0.005121,0.001762,0.036613,-0.136286,-29.345487,0.000000,6.440722,0.232844
Phase_40,Apply silo lc 2 [Phase_40],-19.000000,70.000000,1,0.001733,-0.005041,0.005331,-0.000196,-0.000216,0.000291,0.005041,0.001733,-0.000000,0.003658,-28.760786,0.000000,3.697625,0.260410
Phase_44,Consolidate silo lc 2 (90%) [Phase_44],-19.000000,96.000000,1,-0.017947,0.014915,0.023335,-0.001588,-0.001541,0.002213,-0.014915,-0.017947,-0.000000,-0.394380,-4.241548,0.000000,0.000000,0.000000
Phase_44,Consolidate silo lc 2 (90%) [Phase_44],-19.000000,95.850000,1,-0.018004,0.014916,0.023380,-0.001587,-0.001541,0.002212,-0.014916,-0.018004,-0.058406,-0.387408,-5.003079,0.000000,0.000000,-0.002685
Phase_44,Consolidate silo lc 2 (90%) [Phase_44],-19.000000,95.700000,1,-0.018092,0.014935,0.023460,-0.001587,-0.001541,0.002212,-0.014935,-0.018092,-0.117007,-0.395829,-5.765318,0.000000,0.000000,-0.119740
Phase_44,Consolidate silo lc 2 (90%) [Phase_44],-19.000000,95.550000,1,-0.018222,0.014979,0.023589,-0.001586,-0.001541,0.002211,-0.014979,-0.018222,-0.177867,-0.417943,-6.527703,0.000000,0.000000,-0.185267
Phase_44,Consolidate silo lc 2 (90%) [Phase_44],-19.000000,95.400000,1,-0.018502,0.015064,0.023859,-0.001586,-0.001541,0.002211,-0.015064,-0.018502,-0.242974,-0.452047,-7.289668,0.000000,0.000000,-0.017714
Phase_44,Consolidate silo lc 2 (90%) [Phase_44],-19.000000,95.400000,1,-0.018502,0.015064,0.023859,-0.001586,-0.001541,0.002211,-0.015064,-0.018502,-0.242974,-0.436452,-7.289689,0.000000,0.000000,-0.021104
Phase_44,Consolidate silo lc 2 (90%) [Phase_44],-19.000000,95.318623,1,-0.018660,0.015120,0.024017,-0.001586,-0.001540,0.002211,-0.015120,-0.018660,-0.279072,-0.451069,-7.703018,0.000000,0.000000,-0.183849
Phase_44,Consolidate silo lc 2 (90%) [Phase_44],-19.000000,95.237246,1,-0.018772,0.015183,0.024144,-0.001585,-0.001540,0.002211,-0.015183,-0.018772,-0.316406,-0.466380,-8.116640,0.000000,0.000000,-0.192634
Phase_44,Consolidate silo lc 2 (90%) [Phase_44],-19.000000,95.155869,1,-0.018880,0.015254,0.024272,-0.001585,-0.001540,0.002210,-0.015254,-0.018880,-0.355013,-0.482346,-8.530260,0.000000,0.000000,-0.199967
Phase_44,Consolidate silo lc 2 (90%) [Phase_44],-19.000000,95.074492,1,-0.018982,0.015334,0.024401,-0.001585,-0.001540,0.002210,-0.015334,-0.018982,-0.394926,-0.498931,-8.943589,0.000000,0.000000,-0.204514
Phase_44,Consolidate silo lc 2 (90%) [Phase_44],-19.000000,95.074492,1,-0.018982,0.015334,0.024401,-0.001585,-0.001540,0.002210,-0.015334,-0.018982,-0.394926,-0.498794,-8.943797,0.000000,0.000000,-0.204514
Phase_44,Consolidate silo lc 2 (90%) [Phase_44],-19.000000,94.987367,1,-0.018880,0.015413,0.024373,-0.001585,-0.001540,0.002210,-0.015413,-0.018880,-0.439159,-0.516868,-9.386321,0.000000,0.000000,-0.208242
Phase_44,Consolidate silo lc 2 (90%) [Phase_44],-19.000000,94.900243,1,-0.018771,0.015491,0.024338,-0.001584,-0.001540,0.002210,-0.015491,-0.018771,-0.484995,-0.535085,-9.829157,0.000000,0.000000,-0.210120
Phase_44,Consolidate silo lc 2 (90%) [Phase_44],-19.000000,94.813118,1,-0.018668,0.015568,0.024308,-0.001584,-0.001540,0.002209,-0.015568,-0.018668,-0.532422,-0.553407,-10.271993,0.000000,0.000000,-0.210636
Phase_44,Consolidate silo lc 2 (90%) [Phase_44],-19.000000,94.725993,1,-0.018566,0.015650,0.024282,-0.001584,-0.001540,0.002209,-0.015650,-0.018566,-0.581427,-0.571794,-10.714517,0.000000,0.000000,-0.210144
Phase_44,Consolidate silo lc 2 (90%) [Phase_44],-19.000000,94.725993,1,-0.018566,0.015650,0.024282,-0.001584,-0.001540,0.002209,-0.015650,-0.018566,-0.581427,-0.571138,-10.715051,0.000000,0.000000,-0.210144
Phase_44,Consolidate silo lc 2 (90%) [Phase_44],-19.000000,94.374430,1,-0.018116,0.016012,0.024178,-0.001583,-0.001540,0.002208,-0.016012,-0.018116,-0.795160,-0.644110,-12.500713,0.000000,0.000000,-0.199326
Phase_44,Consolidate silo lc 2 (90%) [Phase_44],-19.000000,94.022866,1,-0.017611,0.016374,0.024047,-0.001582,-0.001540,0.002207,-0.016374,-0.017611,-1.033649,-0.711289,-14.287596,0.000000,0.000000,-0.182874
Phase_44,Consolidate silo lc 2 (90%) [Phase_44],-19.000000,93.671303,1,-0.017044,0.016714,0.023871,-0.001580,-0.001539,0.002206,-0.016714,-0.017044,-1.294713,-0.772589,-16.074437,0.000000,0.000000,-0.165878
Phase_44,Consolidate silo lc 2 (90%) [Phase_44],-19.000000,93.319740,1,-0.016414,0.017043,0.023661,-0.001579,-0.001539,0.002205,-0.017043,-0.016414,-1.576168,-0.827923,-17.859971,0.000000,0.000000,-0.128342
Phase_44,Consolidate silo lc 2 (90%) [Phase_44],-19.000000,93.319740,1,-0.016414,0.017043,0.023661,-0.001579,-0.001539,0.002205,-0.017043,-0.016414,-1.576168,-0.813485,-18.282641,0.000000,0.000000,-0.104019
Phase_44,Consolidate silo lc 2 (90%) [Phase_44],-19.000000,92.841633,1,-0.015479,0.017161,0.023110,-0.001576,-0.001539,0.002203,-0.017161,-0.015479,-1.980510,-0.868324,-19.982314,0.000000,0.000000,-0.041804
Phase_44,Consolidate silo lc 2 (90%) [Phase_44],-19.000000,92.363526,1,-0.014822,0.017187,0.022695,-0.001573,-0.001538,0.002200,-0.017187,-0.014822,-2.395961,-0.856055,-22.807160,0.000000,0.000000,0.080144
Phase_44,Consolidate silo lc 2 (90%) [Phase_44],-19.000000,91.885418,1,-0.014166,0.016966,0.022103,-0.001570,-0.001538,0.002198,-0.016966,-0.014166,-2.787500,-0.769886,-27.627839,0.000000,-8.351772,0.267367
Phase_44,Consolidate silo lc 2 (90%) [Phase_44],-19.000000,91.407311,1,-0.013859,0.016826,0.021799,-0.001565,-0.001537,0.002194,-0.016826,-0.013859,-3.119106,-0.603024,-35.315013,0.000000,-8.436248,0.512422
Phase_44,Consolidate silo lc 2 (90%) [Phase_44],-19.000000,91.407311,1,-0.013859,0.016826,0.021799,-0.001565,-0.001537,0.002194,-0.016826,-0.013859,-3.119106,-0.623417,-34.165728,0.000000,-10.562739,0.509289
Phase_44,Consolidate silo lc 2 (90%) [Phase_44],-19.000000,90.890492,1,0.001365,0.005407,0.005576,-0.001559,-0.001537,0.002189,-0.005407,0.001365,-3.356602,-0.314947,-43.099655,0.000000,-11.753317,0.483199
Phase_44,Consolidate silo lc 2 (90%) [Phase_44],-19.000000,90.373672,1,0.002219,0.005265,0.005714,-0.001552,-0.001535,0.002183,-0.005265,0.002219,-3.464693,-0.123352,-51.517530,0.000000,-10.457196,0.261219
Phase_44,Consolidate silo lc 2 (90%) [Phase_44],-19.000000,89.856853,1,0.002944,0.004155,0.005093,-0.001544,-0.001534,0.002176,-0.004155,0.002944,-3.504575,-0.050482,-59.528639,0.000000,-10.179037,0.023708
Phase_44,Consolidate silo lc 2 (90%) [Phase_44],-19.000000,89.340033,1,0.003766,0.002968,0.004795,-0.001533,-0.001533,0.002168,-0.002968,0.003766,-3.537712,-0.098184,-67.242272,0.000000,-10.740940,0.067543
Phase_44,Consolidate silo lc 2 (90%) [Phase_44],-19.000000,89.340033,1,0.003766,0.002968,0.004795,-0.001533,-0.001533,0.002168,-0.002968,0.003766,-3.537712,-0.020913,-67.481845,0.000000,-11.235293,0.042955
Phase_44,Consolidate silo lc 2 (90%) [Phase_44],-19.000000,88.817498,1,0.004364,0.002291,0.004929,-0.001521,-0.001531,0.002158,-0.002291,0.004364,-3.566854,-0.084521,-75.890880,0.000000,-11.086788,-0.083903
Phase_44,Consolidate silo lc 2 (90%) [Phase_44],-19.000000,88.294962,1,0.004694,0.001563,0.004947,-0.001508,-0.001528,0.002147,-0.001563,0.004694,-3.619339,-0.109301,-84.371233,0.000000,-11.197986,-0.014188
Phase_44,Consolidate silo lc 2 (90%) [Phase_44],-19.000000,87.772427,1,0.004964,0.000879,0.005041,-0.001492,-0.001526,0.002134,-0.000879,0.004964,-3.674022,-0.093378,-92.922516,0.000000,-11.358295,0.071903
Phase_44,Consolidate silo lc 2 (90%) [Phase_44],-19.000000,87.249891,1,0.005158,0.000189,0.005162,-0.001474,-0.001523,0.002120,-0.000189,0.005158,-3.709458,-0.034879,-101.544335,0.000000,-11.401304,0.207848
Phase_44,Consolidate silo lc 2 (90%) [Phase_44],-19.000000,87.249891,1,0.005158,0.000189,0.005162,-0.001474,-0.001523,0.002120,-0.000189,0.005158,-3.709458,-0.025698,-101.503177,0.000000,-11.564534,0.210963
Phase_44,Consolidate silo lc 2 (90%) [Phase_44],-19.000000,86.721576,1,0.005329,-0.000476,0.005350,-0.001455,-0.001520,0.002104,0.000476,0.005329,-3.688166,0.118272,-110.368897,0.000000,-11.675610,0.334194
Phase_44,Consolidate silo lc 2 (90%) [Phase_44],-19.000000,86.193262,1,0.005334,-0.001198,0.005467,-0.001433,-0.001516,0.002086,0.001198,0.005334,-3.572547,0.329047,-119.212313,0.000000,-11.677179,0.471008
Phase_44,Consolidate silo lc 2 (90%) [Phase_44],-19.000000,85.664947,1,0.005156,-0.001999,0.005530,-0.001410,-0.001513,0.002068,0.001999,0.005156,-3.329448,0.602069,-128.004377,0.000000,-11.481191,0.569863
Phase_44,Consolidate silo lc 2 (90%) [Phase_44],-19.000000,85.136632,1,0.004781,-0.002873,0.005578,-0.001384,-0.001509,0.002047,0.002873,0.004781,-2.926411,0.932780,-136.716043,0.000000,-11.065030,0.641483
Phase_44,Consolidate silo lc 2 (90%) [Phase_44],-19.000000,85.136632,1,0.004781,-0.002873,0.005578,-0.001384,-0.001509,0.002047,0.002873,0.004781,-2.926411,0.915943,-136.648208,0.000000,-11.059560,0.641240
Phase_44,Consolidate silo lc 2 (90%) [Phase_44],-19.000000,84.602474,1,0.004233,-0.003788,0.005681,-0.001357,-0.001504,0.002026,0.003788,0.004233,-2.338669,1.283932,-145.156496,0.000000,-10.503043,0.673414
Phase_44,Consolidate silo lc 2 (90%) [Phase_44],-19.000000,84.068316,1,0.003595,-0.004648,0.005876,-0.001328,-0.001499,0.002003,0.004648,0.003595,-1.557081,1.637506,-153.297821,0.000000,-9.842861,0.660074
Phase_44,Consolidate silo lc 2 (90%) [Phase_44],-19.000000,83.534158,1,0.002922,-0.005402,0.006142,-0.001298,-0.001494,0.001979,0.005402,0.002922,-0.592543,1.970563,-161.051053,0.000000,-9.049782,0.596587
Phase_44,Consolidate silo lc 2 (90%) [Phase_44],-19.000000,83.000000,1,0.002280,-0.006024,0.006441,-0.001266,-0.001489,0.001954,0.006024,0.002280,0.543116,2.277002,-168.395061,0.000000,-8.147034,0.473999
Phase_44,Consolidate silo lc 2 (90%) [Phase_44],-19.000000,83.000000,1,0.002280,-0.006024,0.006441,-0.001266,-0.001489,0.001954,0.006024,0.002280,0.543116,2.262398,-168.351554,0.000000,-8.148967,0.474102
Phase_44,Consolidate silo lc 2 (90%) [Phase_44],-19.000000,82.458333,1,0.001716,-0.006519,0.006741,-0.001233,-0.001483,0.001929,0.006519,0.001716,1.830936,2.477781,-175.257121,0.000000,-7.074973,0.309140
Phase_44,Consolidate silo lc 2 (90%) [Phase_44],-19.000000,81.916667,1,0.001267,-0.006886,0.007002,-0.001198,-0.001477,0.001902,0.006886,0.001267,3.210076,2.597219,-181.519890,0.000000,-5.905102,0.131634
Phase_44,Consolidate silo lc 2 (90%) [Phase_44],-19.000000,81.375000,1,0.000954,-0.007138,0.007202,-0.001163,-0.001471,0.001876,0.007138,0.000954,4.627937,2.620772,-187.125274,0.000000,-4.647443,-0.044936
Phase_44,Consolidate silo lc 2 (90%) [Phase_44],-19.000000,80.833333,1,0.000811,-0.007273,0.007319,-0.001128,-0.001465,0.001849,0.007273,0.000811,6.031942,2.548500,-192.058688,0.000000,-3.318638,-0.216912
Phase_44,Consolidate silo lc 2 (90%) [Phase_44],-19.000000,80.833333,1,0.000811,-0.007273,0.007319,-0.001128,-0.001465,0.001849,0.007273,0.000811,6.031942,2.554657,-192.027925,0.000000,-3.339580,-0.218576
Phase_44,Consolidate silo lc 2 (90%) [Phase_44],-19.000000,80.291667,1,0.000824,-0.007320,0.007366,-0.001092,-0.001459,0.001822,0.007320,0.000824,7.372212,2.382078,-196.234258,0.000000,-1.944491,-0.386440
Phase_44,Consolidate silo lc 2 (90%) [Phase_44],-19.000000,79.750000,1,0.000886,-0.007328,0.007381,-0.001056,-0.001452,0.001795,0.007328,0.000886,8.598883,2.134799,-199.638093,0.000000,-0.478439,-0.531895
Phase_44,Consolidate silo lc 2 (90%) [Phase_44],-19.000000,79.208333,1,0.000947,-0.007327,0.007388,-0.001020,-0.001446,0.001769,0.007327,0.000947,9.672603,1.816349,-202.229081,0.000000,1.057118,-0.649255
Phase_44,Consolidate silo lc 2 (90%) [Phase_44],-19.000000,78.666667,1,0.001003,-0.007319,0.007388,-0.000984,-0.001439,0.001743,0.007319,0.001003,10.554551,1.430256,-203.996872,0.000000,2.650586,-0.741221
Phase_44,Consolidate silo lc 2 (90%) [Phase_44],-19.000000,78.666667,1,0.001003,-0.007319,0.007388,-0.000984,-0.001439,0.001743,0.007319,0.001003,10.554551,1.441244,-203.971595,0.000000,2.648842,-0.740900
Phase_44,Consolidate silo lc 2 (90%) [Phase_44],-19.000000,78.125000,1,0.001053,-0.007302,0.007377,-0.000948,-0.001432,0.001718,0.007302,0.001053,11.220541,1.014749,-204.860717,0.000000,4.298597,-0.802626
Phase_44,Consolidate silo lc 2 (90%) [Phase_44],-19.000000,77.583333,1,0.001097,-0.007276,0.007359,-0.000913,-0.001425,0.001693,0.007276,0.001097,11.650502,0.570680,-204.818706,0.000000,6.000941,-0.841706
Phase_44,Consolidate silo lc 2 (90%) [Phase_44],-19.000000,77.041667,1,0.001133,-0.007244,0.007332,-0.000879,-0.001419,0.001669,0.007244,0.001133,11.836355,0.112395,-203.839099,0.000000,7.760863,-0.855120
Phase_44,Consolidate silo lc 2 (90%) [Phase_44],-19.000000,76.500000,1,0.001163,-0.007204,0.007297,-0.000845,-0.001412,0.001646,0.007204,0.001163,11.770494,-0.356746,-201.915435,0.000000,9.575694,-0.849148
Phase_44,Consolidate silo lc 2 (90%) [Phase_44],-19.000000,76.500000,1,0.001163,-0.007204,0.007297,-0.000845,-0.001412,0.001646,0.007204,0.001163,11.770494,-0.347913,-201.887724,0.000000,9.575600,-0.849150
Phase_44,Consolidate silo lc 2 (90%) [Phase_44],-19.000000,75.958333,1,0.001187,-0.007158,0.007256,-0.000812,-0.001405,0.001623,0.007158,0.001187,11.456622,-0.807265,-198.970422,0.000000,11.444214,-0.821498
Phase_44,Consolidate silo lc 2 (90%) [Phase_44],-19.000000,75.416667,1,0.001206,-0.007106,0.007208,-0.000779,-0.001399,0.001601,0.007106,0.001206,10.900804,-1.238801,-194.995208,0.000000,13.372223,-0.776074
Phase_44,Consolidate silo lc 2 (90%) [Phase_44],-19.000000,74.875000,1,0.001221,-0.007050,0.007155,-0.000747,-0.001393,0.001581,0.007050,0.001221,10.119842,-1.639498,-189.957084,0.000000,15.369230,-0.707620
Phase_44,Consolidate silo lc 2 (90%) [Phase_44],-19.000000,74.333333,1,0.001232,-0.006989,0.007097,-0.000716,-0.001387,0.001561,0.006989,0.001232,9.130964,-2.006334,-183.851053,0.000000,17.437369,-0.616655
Phase_44,Consolidate silo lc 2 (90%) [Phase_44],-19.000000,74.333333,1,0.001232,-0.006989,0.007097,-0.000716,-0.001387,0.001561,0.006989,0.001232,9.130964,-1.991697,-183.811812,0.000000,17.437942,-0.616662
Phase_44,Consolidate silo lc 2 (90%) [Phase_44],-19.000000,73.791667,1,0.001240,-0.006924,0.007034,-0.000685,-0.001381,0.001542,0.006924,0.001240,7.962791,-2.307750,-176.573334,0.000000,19.581353,-0.491738
Phase_44,Consolidate silo lc 2 (90%) [Phase_44],-19.000000,73.250000,1,0.001246,-0.006856,0.006968,-0.000655,-0.001376,0.001524,0.006856,0.001246,6.648102,-2.527065,-168.106006,0.000000,21.813607,-0.329821
Phase_44,Consolidate silo lc 2 (90%) [Phase_44],-19.000000,72.708333,1,0.001249,-0.006785,0.006899,-0.000625,-0.001370,0.001506,0.006785,0.001249,5.243270,-2.642395,-158.405777,0.000000,24.134094,-0.107754
Phase_44,Consolidate silo lc 2 (90%) [Phase_44],-19.000000,72.166667,1,0.001252,-0.006711,0.006826,-0.000595,-0.001366,0.001490,0.006711,0.001252,3.805836,-2.646495,-147.468599,0.000000,26.496816,0.175876
Phase_44,Consolidate silo lc 2 (90%) [Phase_44],-19.000000,72.166667,1,0.001252,-0.006711,0.006826,-0.000595,-0.001366,0.001490,0.006711,0.001252,3.805836,-2.600977,-147.636533,0.000000,26.408389,0.175902
Phase_44,Consolidate silo lc 2 (90%) [Phase_44],-19.000000,71.625000,1,0.001253,-0.006634,0.006751,-0.000566,-0.001361,0.001474,0.006634,0.001253,2.425739,-2.449310,-135.121155,0.000000,28.756080,0.579383
Phase_44,Consolidate silo lc 2 (90%) [Phase_44],-19.000000,71.083333,1,0.001253,-0.006555,0.006674,-0.000537,-0.001358,0.001460,0.006555,0.001253,1.207869,-1.985592,-121.766644,0.000000,31.671566,1.078703
Phase_44,Consolidate silo lc 2 (90%) [Phase_44],-19.000000,70.541667,1,0.001254,-0.006475,0.006595,-0.000508,-0.001354,0.001446,0.006475,0.001254,0.336193,-1.178250,-108.165451,0.000000,29.667004,1.848289
Phase_44,Consolidate silo lc 2 (90%) [Phase_44],-19.000000,70.000000,1,0.001255,-0.006392,0.006514,-0.000479,-0.001351,0.001434,0.006392,0.001255,-0.000000,0.004291,-94.910028,0.000000,12.412152,2.499678
