Phase,PhaseIdent,X(m),Y(m),MaterialID,ElementID,Ux(m),Uy(m),Utot(m),PUx(m),PUy(m),PUt(m),U1(m),U2(m),M2D(kNm/m),Q2D(kN/m),Nx2D(kN/m),Nz2D(kN/m)
Phase_11,Install base slab to +12 [Phase_11],0.000000,11.650000,1,1,0.007630,0.000171,0.007632,0.000008,-0.000327,0.000327,0.007630,0.000171,-0.000000,-8.434094,-2.840078,-0.568016
Phase_11,Install base slab to +12 [Phase_11],0.107143,11.650000,1,1,0.007539,0.000296,0.007545,0.000008,-0.000337,0.000337,0.007539,0.000296,-0.943917,-9.104717,-3.192566,-0.638513
Phase_11,Install base slab to +12 [Phase_11],0.214286,11.650000,1,1,0.007449,0.000416,0.007461,0.000008,-0.000347,0.000347,0.007449,0.000416,-1.933895,-9.302220,-3.604039,-0.720808
Phase_11,Install base slab to +12 [Phase_11],0.321429,11.650000,1,1,0.007359,0.000529,0.007378,0.000008,-0.000357,0.000357,0.007359,0.000529,-2.922144,-9.063634,-4.050124,-0.810025
Phase_11,Install base slab to +12 [Phase_11],0.428571,11.650000,1,1,0.007270,0.000634,0.007297,0.000008,-0.000367,0.000367,0.007270,0.000634,-3.862085,-8.425988,-4.506447,-0.901289
Phase_11,Install base slab to +12 [Phase_11],0.428571,11.650000,1,2,0.007270,0.000634,0.007297,0.000008,-0.000367,0.000367,0.007270,0.000634,-3.862085,-8.519767,-4.495342,-0.899068
Phase_11,Install base slab to +12 [Phase_11],0.535714,11.650000,1,2,0.007180,0.000731,0.007218,0.000008,-0.000376,0.000376,0.007180,0.000731,-4.743285,-7.925706,-4.912427,-0.982485
Phase_11,Install base slab to +12 [Phase_11],0.642857,11.650000,1,2,0.007092,0.000819,0.007139,0.000008,-0.000386,0.000386,0.007092,0.000819,-5.559156,-7.297608,-5.312594,-1.062519
Phase_11,Install base slab to +12 [Phase_11],0.750000,11.650000,1,2,0.007003,0.000898,0.007061,0.000008,-0.000395,0.000395,0.007003,0.000898,-6.306529,-6.644578,-5.695534,-1.139107
Phase_11,Install base slab to +12 [Phase_11],0.857143,11.650000,1,2,0.006916,0.000968,0.006983,0.000008,-0.000405,0.000405,0.006916,0.000968,-6.982509,-5.975715,-6.060934,-1.212187
Phase_11,Install base slab to +12 [Phase_11],0.857143,11.650000,1,3,0.006916,0.000968,0.006983,0.000008,-0.000405,0.000405,0.006916,0.000968,-6.982509,-5.983963,-6.061555,-1.212311
Phase_11,Install base slab to +12 [Phase_11],0.964286,11.650000,1,3,0.006828,0.001030,0.006906,0.000008,-0.000414,0.000414,0.006828,0.001030,-7.588375,-5.331565,-6.410310,-1.282062
Phase_11,Install base slab to +12 [Phase_11],1.071429,11.650000,1,3,0.006741,0.001085,0.006828,0.000008,-0.000423,0.000423,0.006741,0.001085,-8.125805,-4.703126,-6.743863,-1.348773
Phase_11,Install base slab to +12 [Phase_11],1.178571,11.650000,1,3,0.006655,0.001132,0.006751,0.000008,-0.000432,0.000432,0.006655,0.001132,-8.597360,-4.101022,-7.062168,-1.412434
Phase_11,Install base slab to +12 [Phase_11],1.285714,11.650000,1,3,0.006569,0.001173,0.006673,0.000008,-0.000440,0.000440,0.006569,0.001173,-9.005658,-3.527628,-7.365182,-1.473036
Phase_11,Install base slab to +12 [Phase_11],1.285714,11.650000,1,4,0.006569,0.001173,0.006673,0.000008,-0.000440,0.000440,0.006569,0.001173,-9.005658,-3.528251,-7.365776,-1.473155
Phase_11,Install base slab to +12 [Phase_11],1.392857,11.650000,1,4,0.006484,0.001207,0.006596,0.000008,-0.000449,0.000449,0.006484,0.001207,-9.354427,-2.988698,-7.655151,-1.531030
Phase_11,Install base slab to +12 [Phase_11],1.500000,11.650000,1,4,0.006399,0.001236,0.006518,0.000008,-0.000457,0.000457,0.006399,0.001236,-9.647199,-2.480667,-7.931594,-1.586319
Phase_11,Install base slab to +12 [Phase_11],1.607143,11.650000,1,4,0.006315,0.001260,0.006440,0.000008,-0.000465,0.000465,0.006315,0.001260,-9.887254,-2.004361,-8.194983,-1.638997
Phase_11,Install base slab to +12 [Phase_11],1.714286,11.650000,1,4,0.006232,0.001280,0.006362,0.000008,-0.000473,0.000473,0.006232,0.001280,-10.077864,-1.559982,-8.445198,-1.689040
Phase_11,Install base slab to +12 [Phase_11],1.714286,11.650000,1,5,0.006232,0.001280,0.006362,0.000008,-0.000473,0.000473,0.006232,0.001280,-10.077864,-1.559562,-8.445604,-1.689121
Phase_11,Install base slab to +12 [Phase_11],1.821429,11.650000,1,5,0.006149,0.001296,0.006284,0.000008,-0.000481,0.000481,0.006149,0.001296,-10.222552,-1.146989,-8.683309,-1.736662
Phase_11,Install base slab to +12 [Phase_11],1.928571,11.650000,1,5,0.006066,0.001308,0.006206,0.000007,-0.000488,0.000488,0.006066,0.001308,-10.324740,-0.765396,-8.909449,-1.781890
Phase_11,Install base slab to +12 [Phase_11],2.035714,11.650000,1,5,0.005984,0.001318,0.006128,0.000007,-0.000495,0.000495,0.005984,0.001318,-10.387708,-0.414731,-9.123963,-1.824793
Phase_11,Install base slab to +12 [Phase_11],2.142857,11.650000,1,5,0.005903,0.001325,0.006050,0.000007,-0.000502,0.000503,0.005903,0.001325,-10.414726,-0.094943,-9.326788,-1.865358
Phase_11,Install base slab to +12 [Phase_11],2.142857,11.650000,1,6,0.005903,0.001325,0.006050,0.000007,-0.000502,0.000503,0.005903,0.001325,-10.414726,-0.093997,-9.327186,-1.865437
Phase_11,Install base slab to +12 [Phase_11],2.250000,11.650000,1,6,0.005822,0.001329,0.005972,0.000007,-0.000509,0.000509,0.005822,0.001329,-10.408973,0.197055,-9.519211,-1.903842
Phase_11,Install base slab to +12 [Phase_11],2.357143,11.650000,1,6,0.005742,0.001332,0.005894,0.000007,-0.000516,0.000516,0.005742,0.001332,-10.373428,0.461903,-9.701095,-1.940219
Phase_11,Install base slab to +12 [Phase_11],2.464286,11.650000,1,6,0.005662,0.001334,0.005817,0.000007,-0.000522,0.000522,0.005662,0.001334,-10.310893,0.700913,-9.872781,-1.974556
Phase_11,Install base slab to +12 [Phase_11],2.571429,11.650000,1,6,0.005583,0.001334,0.005740,0.000007,-0.000529,0.000529,0.005583,0.001334,-10.224149,0.914456,-10.034215,-2.006843
Phase_11,Install base slab to +12 [Phase_11],2.571429,11.650000,1,7,0.005583,0.001334,0.005740,0.000007,-0.000529,0.000529,0.005583,0.001334,-10.224149,0.915425,-10.034535,-2.006907
Phase_11,Install base slab to +12 [Phase_11],2.678571,11.650000,1,7,0.005504,0.001333,0.005663,0.000007,-0.000535,0.000535,0.005504,0.001333,-10.115694,1.106080,-10.186388,-2.037278
Phase_11,Install base slab to +12 [Phase_11],2.785714,11.650000,1,7,0.005426,0.001332,0.005587,0.000007,-0.000541,0.000541,0.005426,0.001332,-9.987863,1.276142,-10.329253,-2.065851
Phase_11,Install base slab to +12 [Phase_11],2.892857,11.650000,1,7,0.005348,0.001330,0.005511,0.000007,-0.000546,0.000546,0.005348,0.001330,-9.842891,1.426031,-10.463094,-2.092619
Phase_11,Install base slab to +12 [Phase_11],3.000000,11.650000,1,7,0.005271,0.001328,0.005436,0.000007,-0.000552,0.000552,0.005271,0.001328,-9.682994,1.556162,-10.587877,-2.117575
Phase_11,Install base slab to +12 [Phase_11],3.000000,11.650000,1,8,0.005271,0.001328,0.005436,0.000007,-0.000552,0.000552,0.005271,0.001328,-9.682994,1.557002,-10.588160,-2.117632
Phase_11,Install base slab to +12 [Phase_11],3.107143,11.650000,1,8,0.005195,0.001326,0.005361,0.000007,-0.000557,0.000557,0.005195,0.001326,-9.510033,1.669728,-10.704479,-2.140896
Phase_11,Install base slab to +12 [Phase_11],3.214286,11.650000,1,8,0.005118,0.001323,0.005287,0.000007,-0.000562,0.000562,0.005118,0.001323,-9.325746,1.767002,-10.812877,-2.162575
Phase_11,Install base slab to +12 [Phase_11],3.321429,11.650000,1,8,0.005043,0.001321,0.005213,0.000006,-0.000567,0.000567,0.005043,0.001321,-9.131839,1.849225,-10.913341,-2.182668
Phase_11,Install base slab to +12 [Phase_11],3.428571,11.650000,1,8,0.004968,0.001319,0.005140,0.000006,-0.000572,0.000572,0.004968,0.001319,-8.930007,1.916794,-11.005859,-2.201172
Phase_11,Install base slab to +12 [Phase_11],3.428571,11.650000,1,9,0.004968,0.001319,0.005140,0.000006,-0.000572,0.000572,0.004968,0.001319,-8.930007,1.917479,-11.006114,-2.201223
Phase_11,Install base slab to +12 [Phase_11],3.535714,11.650000,1,9,0.004893,0.001318,0.005067,0.000006,-0.000576,0.000576,0.004893,0.001318,-8.721569,1.972365,-11.091230,-2.218246
Phase_11,Install base slab to +12 [Phase_11],3.642857,11.650000,1,9,0.004819,0.001316,0.004996,0.000006,-0.000581,0.000581,0.004819,0.001316,-8.507754,2.016150,-11.169444,-2.233889
Phase_11,Install base slab to +12 [Phase_11],3.750000,11.650000,1,9,0.004745,0.001315,0.004924,0.000006,-0.000585,0.000585,0.004745,0.001315,-8.289821,2.049183,-11.240763,-2.248153
Phase_11,Install base slab to +12 [Phase_11],3.857143,11.650000,1,9,0.004672,0.001315,0.004854,0.000006,-0.000589,0.000589,0.004672,0.001315,-8.069014,2.071811,-11.305195,-2.261039
Phase_11,Install base slab to +12 [Phase_11],3.857143,11.650000,1,10,0.004672,0.001315,0.004854,0.000006,-0.000589,0.000589,0.004672,0.001315,-8.069014,2.072348,-11.305426,-2.261085
Phase_11,Install base slab to +12 [Phase_11],3.964286,11.650000,1,10,0.004599,0.001315,0.004784,0.000006,-0.000593,0.000593,0.004599,0.001315,-7.846219,2.086143,-11.363472,-2.272694
Phase_11,Install base slab to +12 [Phase_11],4.071429,11.650000,1,10,0.004527,0.001315,0.004714,0.000006,-0.000596,0.000596,0.004527,0.001315,-7.622257,2.092336,-11.415594,-2.283119
Phase_11,Install base slab to +12 [Phase_11],4.178571,11.650000,1,10,0.004455,0.001316,0.004645,0.000006,-0.000600,0.000600,0.004455,0.001316,-7.398019,2.091213,-11.461814,-2.292363
Phase_11,Install base slab to +12 [Phase_11],4.285714,11.650000,1,10,0.004384,0.001317,0.004577,0.000006,-0.000603,0.000604,0.004384,0.001317,-7.174389,2.083056,-11.502154,-2.300431
Phase_11,Install base slab to +12 [Phase_11],4.285714,11.650000,1,11,0.004384,0.001317,0.004577,0.000006,-0.000603,0.000604,0.004384,0.001317,-7.174389,2.083483,-11.502366,-2.300473
Phase_11,Install base slab to +12 [Phase_11],4.392857,11.650000,1,11,0.004313,0.001318,0.004510,0.000006,-0.000607,0.000607,0.004313,0.001318,-6.951914,2.069498,-11.537284,-2.307457
Phase_11,Install base slab to +12 [Phase_11],4.500000,11.650000,1,11,0.004242,0.001320,0.004443,0.000006,-0.000610,0.000610,0.004242,0.001320,-6.731102,2.050631,-11.567208,-2.313442
Phase_11,Install base slab to +12 [Phase_11],4.607143,11.650000,1,11,0.004172,0.001322,0.004377,0.000005,-0.000613,0.000613,0.004172,0.001322,-6.512558,2.027094,-11.592170,-2.318434
Phase_11,Install base slab to +12 [Phase_11],4.714286,11.650000,1,11,0.004103,0.001325,0.004311,0.000005,-0.000616,0.000616,0.004103,0.001325,-6.296881,1.999102,-11.612199,-2.322440
Phase_11,Install base slab to +12 [Phase_11],4.714286,11.650000,1,12,0.004103,0.001325,0.004311,0.000005,-0.000616,0.000616,0.004103,0.001325,-6.296881,1.999410,-11.612390,-2.322478
Phase_11,Install base slab to +12 [Phase_11],4.821429,11.650000,1,12,0.004033,0.001328,0.004246,0.000005,-0.000619,0.000619,0.004033,0.001328,-6.084369,1.967891,-11.627913,-2.325583
Phase_11,Install base slab to +12 [Phase_11],4.928571,11.650000,1,12,0.003965,0.001331,0.004182,0.000005,-0.000621,0.000621,0.003965,0.001331,-5.875296,1.933489,-11.639309,-2.327862
Phase_11,Install base slab to +12 [Phase_11],5.035714,11.650000,1,12,0.003896,0.001335,0.004118,0.000005,-0.000624,0.000624,0.003896,0.001335,-5.670050,1.896385,-11.646619,-2.329324
Phase_11,Install base slab to +12 [Phase_11],5.142857,11.650000,1,12,0.003828,0.001339,0.004055,0.000005,-0.000627,0.000627,0.003828,0.001339,-5.469015,1.856757,-11.649883,-2.329977
Phase_11,Install base slab to +12 [Phase_11],5.142857,11.650000,1,13,0.003828,0.001339,0.004055,0.000005,-0.000627,0.000627,0.003828,0.001339,-5.469015,1.856961,-11.650051,-2.330010
Phase_11,Install base slab to +12 [Phase_11],5.250000,11.650000,1,13,0.003760,0.001343,0.003993,0.000005,-0.000629,0.000629,0.003760,0.001343,-5.272309,1.815463,-11.649653,-2.329931
Phase_11,Install base slab to +12 [Phase_11],5.357143,11.650000,1,13,0.003693,0.001347,0.003931,0.000005,-0.000631,0.000631,0.003693,0.001347,-5.080041,1.772532,-11.645930,-2.329186
Phase_11,Install base slab to +12 [Phase_11],5.464286,11.650000,1,13,0.003626,0.001351,0.003870,0.000005,-0.000633,0.000633,0.003626,0.001351,-4.892439,1.728312,-11.638928,-2.327786
Phase_11,Install base slab to +12 [Phase_11],5.571429,11.650000,1,13,0.003560,0.001355,0.003809,0.000005,-0.000635,0.000635,0.003560,0.001355,-4.709727,1.682945,-11.628696,-2.325739
Phase_11,Install base slab to +12 [Phase_11],5.571429,11.650000,1,14,0.003560,0.001355,0.003809,0.000005,-0.000635,0.000635,0.003560,0.001355,-4.709727,1.683073,-11.628841,-2.325768
Phase_11,Install base slab to +12 [Phase_11],5.678571,11.650000,1,14,0.003493,0.001360,0.003749,0.000005,-0.000637,0.000637,0.003493,0.001360,-4.531902,1.637002,-11.615719,-2.323144
Phase_11,Install base slab to +12 [Phase_11],5.785714,11.650000,1,14,0.003427,0.001365,0.003689,0.000005,-0.000639,0.000639,0.003427,0.001365,-4.358958,1.590508,-11.600000,-2.320000
Phase_11,Install base slab to +12 [Phase_11],5.892857,11.650000,1,14,0.003362,0.001369,0.003630,0.000004,-0.000641,0.000641,0.003362,0.001369,-4.191011,1.543700,-11.581738,-2.316348
Phase_11,Install base slab to +12 [Phase_11],6.000000,11.650000,1,14,0.003297,0.001374,0.003572,0.000004,-0.000643,0.000643,0.003297,0.001374,-4.028170,1.496689,-11.560984,-2.312197
Phase_11,Install base slab to +12 [Phase_11],6.000000,11.650000,1,15,0.003297,0.001374,0.003572,0.000004,-0.000643,0.000643,0.003297,0.001374,-4.028170,1.496762,-11.561109,-2.312222
Phase_11,Install base slab to +12 [Phase_11],6.107143,11.650000,1,15,0.003232,0.001378,0.003514,0.000004,-0.000644,0.000644,0.003232,0.001378,-3.870354,1.449832,-11.538160,-2.307632
Phase_11,Install base slab to +12 [Phase_11],6.214286,11.650000,1,15,0.003167,0.001383,0.003456,0.000004,-0.000646,0.000646,0.003167,0.001383,-3.717486,1.403145,-11.513273,-2.302655
Phase_11,Install base slab to +12 [Phase_11],6.321429,11.650000,1,15,0.003103,0.001388,0.003399,0.000004,-0.000648,0.000648,0.003103,0.001388,-3.569599,1.356785,-11.486500,-2.297300
Phase_11,Install base slab to +12 [Phase_11],6.428571,11.650000,1,15,0.003039,0.001392,0.003343,0.000004,-0.000649,0.000649,0.003039,0.001392,-3.426729,1.310836,-11.457897,-2.291579
Phase_11,Install base slab to +12 [Phase_11],6.428571,11.650000,1,16,0.003039,0.001392,0.003343,0.000004,-0.000649,0.000649,0.003039,0.001392,-3.426729,1.310869,-11.458002,-2.291600
Phase_11,Install base slab to +12 [Phase_11],6.535714,11.650000,1,16,0.002976,0.001397,0.003287,0.000004,-0.000650,0.000650,0.002976,0.001397,-3.288746,1.265495,-11.427825,-2.285565
Phase_11,Install base slab to +12 [Phase_11],6.642857,11.650000,1,16,0.002913,0.001401,0.003232,0.000004,-0.000652,0.000652,0.002913,0.001401,-3.155530,1.220776,-11.396292,-2.279258
Phase_11,Install base slab to +12 [Phase_11],6.750000,11.650000,1,16,0.002850,0.001406,0.003177,0.000004,-0.000653,0.000653,0.002850,0.001406,-3.027065,1.176773,-11.363459,-2.272692
Phase_11,Install base slab to +12 [Phase_11],6.857143,11.650000,1,16,0.002787,0.001410,0.003123,0.000004,-0.000654,0.000654,0.002787,0.001410,-2.903335,1.133548,-11.329378,-2.265876
Phase_11,Install base slab to +12 [Phase_11],6.857143,11.650000,1,17,0.002787,0.001410,0.003123,0.000004,-0.000654,0.000654,0.002787,0.001410,-2.903335,1.133562,-11.329467,-2.265893
Phase_11,Install base slab to +12 [Phase_11],6.964286,11.650000,1,17,0.002725,0.001414,0.003070,0.000004,-0.000655,0.000655,0.002725,0.001414,-2.784186,1.091189,-11.294359,-2.258872
Phase_11,Install base slab to +12 [Phase_11],7.071429,11.650000,1,17,0.002662,0.001418,0.003017,0.000004,-0.000656,0.000656,0.002662,0.001418,-2.669479,1.049703,-11.258409,-2.251682
Phase_11,Install base slab to +12 [Phase_11],7.178571,11.650000,1,17,0.002601,0.001422,0.002964,0.000003,-0.000657,0.000658,0.002601,0.001422,-2.559165,1.009141,-11.221671,-2.244334
Phase_11,Install base slab to +12 [Phase_11],7.285714,11.650000,1,17,0.002539,0.001426,0.002912,0.000003,-0.000658,0.000658,0.002539,0.001426,-2.453198,0.969541,-11.184197,-2.236839
Phase_11,Install base slab to +12 [Phase_11],7.285714,11.650000,1,18,0.002539,0.001426,0.002912,0.000003,-0.000658,0.000658,0.002539,0.001426,-2.453198,0.969540,-11.184270,-2.236854
Phase_11,Install base slab to +12 [Phase_11],7.392857,11.650000,1,18,0.002478,0.001430,0.002861,0.000003,-0.000659,0.000659,0.002478,0.001430,-2.351419,0.930933,-11.146246,-2.229249
Phase_11,Install base slab to +12 [Phase_11],7.500000,11.650000,1,18,0.002417,0.001434,0.002810,0.000003,-0.000660,0.000660,0.002417,0.001434,-2.253679,0.893302,-11.107826,-2.221565
Phase_11,Install base slab to +12 [Phase_11],7.607143,11.650000,1,18,0.002356,0.001437,0.002760,0.000003,-0.000661,0.000661,0.002356,0.001437,-2.159917,0.856676,-11.069063,-2.213813
Phase_11,Install base slab to +12 [Phase_11],7.714286,11.650000,1,18,0.002295,0.001441,0.002710,0.000003,-0.000662,0.000662,0.002295,0.001441,-2.070068,0.821080,-11.030006,-2.206001
Phase_11,Install base slab to +12 [Phase_11],7.714286,11.650000,1,19,0.002295,0.001441,0.002710,0.000003,-0.000662,0.000662,0.002295,0.001441,-2.070068,0.821065,-11.030065,-2.206013
Phase_11,Install base slab to +12 [Phase_11],7.821429,11.650000,1,19,0.002235,0.001444,0.002661,0.000003,-0.000663,0.000663,0.002235,0.001444,-1.983977,0.786490,-10.990869,-2.198174
Phase_11,Install base slab to +12 [Phase_11],7.928571,11.650000,1,19,0.002175,0.001447,0.002612,0.000003,-0.000664,0.000664,0.002175,0.001447,-1.901501,0.752893,-10.951664,-2.190333
Phase_11,Install base slab to +12 [Phase_11],8.035714,11.650000,1,19,0.002115,0.001450,0.002564,0.000003,-0.000664,0.000664,0.002115,0.001450,-1.822569,0.720294,-10.912496,-2.182499
Phase_11,Install base slab to +12 [Phase_11],8.142857,11.650000,1,19,0.002055,0.001453,0.002517,0.000003,-0.000665,0.000665,0.002055,0.001453,-1.747114,0.688712,-10.873414,-2.174683
Phase_11,Install base slab to +12 [Phase_11],8.142857,11.650000,1,20,0.002055,0.001453,0.002517,0.000003,-0.000665,0.000665,0.002055,0.001453,-1.747114,0.688688,-10.873462,-2.174692
Phase_11,Install base slab to +12 [Phase_11],8.250000,11.650000,1,20,0.001996,0.001456,0.002470,0.000003,-0.000666,0.000666,0.001996,0.001456,-1.674990,0.658086,-10.834593,-2.166919
Phase_11,Install base slab to +12 [Phase_11],8.357143,11.650000,1,20,0.001936,0.001458,0.002424,0.000003,-0.000666,0.000666,0.001936,0.001458,-1.606064,0.628407,-10.796043,-2.159209
Phase_11,Install base slab to +12 [Phase_11],8.464286,11.650000,1,20,0.001877,0.001461,0.002379,0.000002,-0.000667,0.000667,0.001877,0.001461,-1.540267,0.599664,-10.757856,-2.151571
Phase_11,Install base slab to +12 [Phase_11],8.571429,11.650000,1,20,0.001818,0.001463,0.002334,0.000002,-0.000667,0.000667,0.001818,0.001463,-1.477529,0.571870,-10.720076,-2.144015
Phase_11,Install base slab to +12 [Phase_11],8.571429,11.650000,1,21,0.001818,0.001463,0.002334,0.000002,-0.000667,0.000667,0.001818,0.001463,-1.477529,0.571841,-10.720114,-2.144023
Phase_11,Install base slab to +12 [Phase_11],8.678571,11.650000,1,21,0.001760,0.001466,0.002290,0.000002,-0.000668,0.000668,0.001760,0.001466,-1.417722,0.544945,-10.682845,-2.136569
Phase_11,Install base slab to +12 [Phase_11],8.785714,11.650000,1,21,0.001701,0.001468,0.002247,0.000002,-0.000668,0.000668,0.001701,0.001468,-1.360727,0.518882,-10.646173,-2.129235
Phase_11,Install base slab to +12 [Phase_11],8.892857,11.650000,1,21,0.001643,0.001470,0.002205,0.000002,-0.000669,0.000669,0.001643,0.001470,-1.306478,0.493661,-10.610137,-2.122027
Phase_11,Install base slab to +12 [Phase_11],9.000000,11.650000,1,21,0.001585,0.001472,0.002163,0.000002,-0.000669,0.000669,0.001585,0.001472,-1.254911,0.469291,-10.574778,-2.114956
Phase_11,Install base slab to +12 [Phase_11],9.000000,11.650000,1,22,0.001585,0.001472,0.002163,0.000002,-0.000669,0.000669,0.001585,0.001472,-1.254911,0.469259,-10.574808,-2.114962
Phase_11,Install base slab to +12 [Phase_11],9.107143,11.650000,1,22,0.001527,0.001474,0.002122,0.000002,-0.000670,0.000670,0.001527,0.001474,-1.205914,0.445680,-10.540209,-2.108042
Phase_11,Install base slab to +12 [Phase_11],9.214286,11.650000,1,22,0.001469,0.001476,0.002082,0.000002,-0.000670,0.000670,0.001469,0.001476,-1.159383,0.422825,-10.506439,-2.101288
Phase_11,Install base slab to +12 [Phase_11],9.321429,11.650000,1,22,0.001411,0.001478,0.002043,0.000002,-0.000670,0.000670,0.001411,0.001478,-1.115261,0.400701,-10.473532,-2.094706
Phase_11,Install base slab to +12 [Phase_11],9.428571,11.650000,1,22,0.001354,0.001479,0.002005,0.000002,-0.000671,0.000671,0.001354,0.001479,-1.073491,0.379314,-10.441525,-2.088305
Phase_11,Install base slab to +12 [Phase_11],9.428571,11.650000,1,23,0.001354,0.001479,0.002005,0.000002,-0.000671,0.000671,0.001354,0.001479,-1.073491,0.379285,-10.441548,-2.088310
Phase_11,Install base slab to +12 [Phase_11],9.535714,11.650000,1,23,0.001296,0.001481,0.001968,0.000002,-0.000671,0.000671,0.001296,0.001481,-1.033978,0.358569,-10.410506,-2.082101
Phase_11,Install base slab to +12 [Phase_11],9.642857,11.650000,1,23,0.001239,0.001482,0.001932,0.000002,-0.000671,0.000671,0.001239,0.001482,-0.996634,0.338463,-10.380484,-2.076097
Phase_11,Install base slab to +12 [Phase_11],9.750000,11.650000,1,23,0.001182,0.001484,0.001897,0.000002,-0.000672,0.000672,0.001182,0.001484,-0.961411,0.318970,-10.351511,-2.070302
Phase_11,Install base slab to +12 [Phase_11],9.857143,11.650000,1,23,0.001125,0.001485,0.001863,0.000001,-0.000672,0.000672,0.001125,0.001485,-0.928261,0.300091,-10.323618,-2.064724
Phase_11,Install base slab to +12 [Phase_11],9.857143,11.650000,1,24,0.001125,0.001485,0.001863,0.000001,-0.000672,0.000672,0.001125,0.001485,-0.928261,0.300065,-10.323636,-2.064727
Phase_11,Install base slab to +12 [Phase_11],9.964286,11.650000,1,24,0.001068,0.001486,0.001830,0.000001,-0.000672,0.000672,0.001068,0.001486,-0.897104,0.281739,-10.296874,-2.059375
Phase_11,Install base slab to +12 [Phase_11],10.071429,11.650000,1,24,0.001011,0.001487,0.001798,0.000001,-0.000673,0.000673,0.001011,0.001487,-0.867871,0.263907,-10.271285,-2.054257
Phase_11,Install base slab to +12 [Phase_11],10.178571,11.650000,1,24,0.000954,0.001488,0.001768,0.000001,-0.000673,0.000673,0.000954,0.001488,-0.840522,0.246568,-10.246895,-2.049379
Phase_11,Install base slab to +12 [Phase_11],10.285714,11.650000,1,24,0.000898,0.001489,0.001739,0.000001,-0.000673,0.000673,0.000898,0.001489,-0.815017,0.229723,-10.223727,-2.044745
Phase_11,Install base slab to +12 [Phase_11],10.285714,11.650000,1,25,0.000898,0.001489,0.001739,0.000001,-0.000673,0.000673,0.000898,0.001489,-0.815017,0.229697,-10.223740,-2.044748
Phase_11,Install base slab to +12 [Phase_11],10.392857,11.650000,1,25,0.000841,0.001490,0.001711,0.000001,-0.000673,0.000673,0.000841,0.001490,-0.791294,0.213288,-10.201834,-2.040367
Phase_11,Install base slab to +12 [Phase_11],10.500000,11.650000,1,25,0.000785,0.001491,0.001685,0.000001,-0.000673,0.000673,0.000785,0.001491,-0.769299,0.197256,-10.181221,-2.036244
Phase_11,Install base slab to +12 [Phase_11],10.607143,11.650000,1,25,0.000728,0.001492,0.001660,0.000001,-0.000674,0.000674,0.000728,0.001492,-0.749002,0.181602,-10.161921,-2.032384
Phase_11,Install base slab to +12 [Phase_11],10.714286,11.650000,1,25,0.000672,0.001493,0.001637,0.000001,-0.000674,0.000674,0.000672,0.001493,-0.730371,0.166325,-10.143953,-2.028791
Phase_11,Install base slab to +12 [Phase_11],10.714286,11.650000,1,26,0.000672,0.001493,0.001637,0.000001,-0.000674,0.000674,0.000672,0.001493,-0.730371,0.166300,-10.143962,-2.028792
Phase_11,Install base slab to +12 [Phase_11],10.821429,11.650000,1,26,0.000616,0.001493,0.001615,0.000001,-0.000674,0.000674,0.000616,0.001493,-0.713360,0.151345,-10.127353,-2.025471
Phase_11,Install base slab to +12 [Phase_11],10.928571,11.650000,1,26,0.000559,0.001494,0.001595,0.000001,-0.000674,0.000674,0.000559,0.001494,-0.697931,0.136655,-10.112127,-2.022425
Phase_11,Install base slab to +12 [Phase_11],11.035714,11.650000,1,26,0.000503,0.001494,0.001577,0.000001,-0.000674,0.000674,0.000503,0.001494,-0.684061,0.122230,-10.098296,-2.019659
Phase_11,Install base slab to +12 [Phase_11],11.142857,11.650000,1,26,0.000447,0.001495,0.001560,0.000001,-0.000674,0.000674,0.000447,0.001495,-0.671729,0.108071,-10.085876,-2.017175
Phase_11,Install base slab to +12 [Phase_11],11.142857,11.650000,1,27,0.000447,0.001495,0.001560,0.000001,-0.000674,0.000674,0.000447,0.001495,-0.671729,0.108048,-10.085882,-2.017176
Phase_11,Install base slab to +12 [Phase_11],11.250000,11.650000,1,27,0.000391,0.001495,0.001546,0.000001,-0.000674,0.000674,0.000391,0.001495,-0.660903,0.094100,-10.074889,-2.014978
Phase_11,Install base slab to +12 [Phase_11],11.357143,11.650000,1,27,0.000335,0.001496,0.001533,0.000000,-0.000674,0.000674,0.000335,0.001496,-0.651559,0.080310,-10.065339,-2.013068
Phase_11,Install base slab to +12 [Phase_11],11.464286,11.650000,1,27,0.000279,0.001496,0.001522,0.000000,-0.000674,0.000674,0.000279,0.001496,-0.643684,0.066678,-10.057239,-2.011448
Phase_11,Install base slab to +12 [Phase_11],11.571429,11.650000,1,27,0.000223,0.001496,0.001513,0.000000,-0.000675,0.000675,0.000223,0.001496,-0.637265,0.053203,-10.050598,-2.010120
Phase_11,Install base slab to +12 [Phase_11],11.571429,11.650000,1,28,0.000223,0.001496,0.001513,0.000000,-0.000675,0.000675,0.000223,0.001496,-0.637265,0.053179,-10.050601,-2.010120
Phase_11,Install base slab to +12 [Phase_11],11.678571,11.650000,1,28,0.000168,0.001497,0.001506,0.000000,-0.000675,0.000675,0.000168,0.001497,-0.632285,0.039809,-10.045428,-2.009086
Phase_11,Install base slab to +12 [Phase_11],11.785714,11.650000,1,28,0.000112,0.001497,0.001501,0.000000,-0.000675,0.000675,0.000112,0.001497,-0.628733,0.026491,-10.041730,-2.008346
Phase_11,Install base slab to +12 [Phase_11],11.892857,11.650000,1,28,0.000056,0.001497,0.001498,0.000000,-0.000675,0.000675,0.000056,0.001497,-0.626605,0.013225,-10.039509,-2.007902
Phase_11,Install base slab to +12 [Phase_11],12.000000,11.650000,1,28,0.000000,0.001497,0.001497,0.000000,-0.000675,0.000675,0.000000,0.001497,-0.625897,0.000012,-10.038768,-2.007754
Phase_12,Remove temp prop [Phase_12],0.000000,11.650000,1,1,0.007774,0.000854,0.007821,0.000144,0.000683,0.000698,0.007774,0.000854,0.000000,14.299766,-72.347552,-14.469510
Phase_12,Remove temp prop [Phase_12],0.107143,11.650000,1,1,0.007683,0.000960,0.007743,0.000144,0.000664,0.000680,0.007683,0.000960,1.168439,7.529492,-78.636862,-15.727372
Phase_12,Remove temp prop [Phase_12],0.214286,11.650000,1,1,0.007592,0.001061,0.007666,0.000143,0.000645,0.000661,0.007592,0.001061,1.627220,1.211219,-84.788626,-16.957725
Phase_12,Remove temp prop [Phase_12],0.321429,11.650000,1,1,0.007502,0.001155,0.007590,0.000143,0.000626,0.000642,0.007502,0.001155,1.456723,-4.303676,-90.689677,-18.137935
Phase_12,Remove temp prop [Phase_12],0.428571,11.650000,1,1,0.007412,0.001240,0.007515,0.000142,0.000606,0.000623,0.007412,0.001240,0.748600,-8.663819,-96.226845,-19.245369
Phase_12,Remove temp prop [Phase_12],0.428571,11.650000,1,2,0.007412,0.001240,0.007515,0.000142,0.000606,0.000623,0.007412,0.001240,0.748600,-7.516646,-95.870795,-19.174159
Phase_12,Remove temp prop [Phase_12],0.535714,11.650000,1,2,0.007322,0.001317,0.007439,0.000141,0.000586,0.000603,0.007322,0.001317,-0.189292,-10.003268,-100.822357,-20.164471
Phase_12,Remove temp prop [Phase_12],0.642857,11.650000,1,2,0.007232,0.001385,0.007364,0.000141,0.000566,0.000584,0.007232,0.001385,-1.394916,-12.475896,-105.772493,-21.154499
Phase_12,Remove temp prop [Phase_12],0.750000,11.650000,1,2,0.007143,0.001444,0.007288,0.000140,0.000546,0.000564,0.007143,0.001444,-2.860684,-14.874785,-110.699505,-22.139901
Phase_12,Remove temp prop [Phase_12],0.857143,11.650000,1,2,0.007055,0.001494,0.007211,0.000139,0.000526,0.000544,0.007055,0.001494,-4.577147,-17.140190,-115.581700,-23.116340
Phase_12,Remove temp prop [Phase_12],0.857143,11.650000,1,3,0.007055,0.001494,0.007211,0.000139,0.000526,0.000544,0.007055,0.001494,-4.577147,-17.138135,-115.583075,-23.116615
Phase_12,Remove temp prop [Phase_12],0.964286,11.650000,1,3,0.006966,0.001536,0.007134,0.000138,0.000506,0.000524,0.006966,0.001536,-6.520462,-19.040880,-120.351996,-24.070399
Phase_12,Remove temp prop [Phase_12],1.071429,11.650000,1,3,0.006879,0.001570,0.007056,0.000137,0.000486,0.000505,0.006879,0.001570,-8.638878,-20.447686,-124.968925,-24.993785
Phase_12,Remove temp prop [Phase_12],1.178571,11.650000,1,3,0.006792,0.001597,0.006977,0.000136,0.000465,0.000485,0.006792,0.001597,-10.890078,-21.489086,-129.471654,-25.894331
Phase_12,Remove temp prop [Phase_12],1.285714,11.650000,1,3,0.006705,0.001618,0.006897,0.000136,0.000445,0.000465,0.006705,0.001618,-13.236053,-22.295611,-133.897977,-26.779595
Phase_12,Remove temp prop [Phase_12],1.285714,11.650000,1,4,0.006705,0.001618,0.006897,0.000136,0.000445,0.000465,0.006705,0.001618,-13.236053,-22.176733,-133.862790,-26.772558
Phase_12,Remove temp prop [Phase_12],1.392857,11.650000,1,4,0.006619,0.001632,0.006817,0.000135,0.000425,0.000445,0.006619,0.001632,-15.608008,-22.022556,-137.989624,-27.597925
Phase_12,Remove temp prop [Phase_12],1.500000,11.650000,1,4,0.006533,0.001641,0.006736,0.000134,0.000404,0.000426,0.006533,0.001641,-17.938590,-21.416794,-141.977764,-28.395553
Phase_12,Remove temp prop [Phase_12],1.607143,11.650000,1,4,0.006448,0.001645,0.006654,0.000133,0.000384,0.000407,0.006448,0.001645,-20.184784,-20.430108,-145.846304,-29.169261
Phase_12,Remove temp prop [Phase_12],1.714286,11.650000,1,4,0.006363,0.001645,0.006572,0.000132,0.000365,0.000388,0.006363,0.001645,-22.305858,-19.133160,-149.614337,-29.922867
Phase_12,Remove temp prop [Phase_12],1.714286,11.650000,1,5,0.006363,0.001645,0.006572,0.000132,0.000365,0.000388,0.006363,0.001645,-22.305858,-19.232530,-149.647050,-29.929410
Phase_12,Remove temp prop [Phase_12],1.821429,11.650000,1,5,0.006279,0.001641,0.006490,0.000131,0.000345,0.000369,0.006279,0.001641,-24.299254,-18.032284,-153.444737,-30.688947
Phase_12,Remove temp prop [Phase_12],1.928571,11.650000,1,5,0.006196,0.001634,0.006407,0.000129,0.000326,0.000350,0.006196,0.001634,-26.176124,-16.986114,-157.294031,-31.458806
Phase_12,Remove temp prop [Phase_12],2.035714,11.650000,1,5,0.006113,0.001624,0.006325,0.000128,0.000307,0.000332,0.006113,0.001624,-27.941153,-15.972891,-161.153774,-32.230755
Phase_12,Remove temp prop [Phase_12],2.142857,11.650000,1,5,0.006030,0.001613,0.006242,0.000127,0.000288,0.000315,0.006030,0.001613,-29.595034,-14.871484,-164.982808,-32.996562
Phase_12,Remove temp prop [Phase_12],2.142857,11.650000,1,6,0.006030,0.001613,0.006242,0.000127,0.000288,0.000315,0.006030,0.001613,-29.595034,-14.919593,-164.930560,-32.986112
Phase_12,Remove temp prop [Phase_12],2.250000,11.650000,1,6,0.005948,0.001599,0.006159,0.000126,0.000270,0.000298,0.005948,0.001599,-31.138065,-13.891919,-168.901564,-33.780313
Phase_12,Remove temp prop [Phase_12],2.357143,11.650000,1,6,0.005867,0.001584,0.006077,0.000125,0.000252,0.000281,0.005867,0.001584,-32.570893,-12.830407,-172.676075,-34.535215
Phase_12,Remove temp prop [Phase_12],2.464286,11.650000,1,6,0.005786,0.001568,0.005994,0.000124,0.000235,0.000265,0.005786,0.001568,-33.885307,-11.691384,-176.106918,-35.221384
Phase_12,Remove temp prop [Phase_12],2.571429,11.650000,1,6,0.005705,0.001552,0.005912,0.000122,0.000218,0.000250,0.005705,0.001552,-35.071636,-10.431178,-179.046920,-35.809384
Phase_12,Remove temp prop [Phase_12],2.571429,11.650000,1,7,0.005705,0.001552,0.005912,0.000122,0.000218,0.000250,0.005705,0.001552,-35.071636,-10.461407,-179.076420,-35.815284
Phase_12,Remove temp prop [Phase_12],2.678571,11.650000,1,7,0.005625,0.001535,0.005831,0.000121,0.000202,0.000235,0.005625,0.001535,-36.113417,-8.999924,-181.504795,-36.300959
Phase_12,Remove temp prop [Phase_12],2.785714,11.650000,1,7,0.005546,0.001517,0.005750,0.000120,0.000186,0.000221,0.005546,0.001517,-37.000737,-7.545822,-183.663575,-36.732715
Phase_12,Remove temp prop [Phase_12],2.892857,11.650000,1,7,0.005467,0.001500,0.005669,0.000119,0.000170,0.000208,0.005467,0.001500,-37.729058,-6.044251,-185.569455,-37.113891
Phase_12,Remove temp prop [Phase_12],3.000000,11.650000,1,7,0.005389,0.001483,0.005589,0.000117,0.000156,0.000195,0.005389,0.001483,-38.291999,-4.440361,-187.239130,-37.447826
Phase_12,Remove temp prop [Phase_12],3.000000,11.650000,1,8,0.005389,0.001483,0.005589,0.000117,0.000156,0.000195,0.005389,0.001483,-38.291999,-4.444552,-187.277200,-37.455440
Phase_12,Remove temp prop [Phase_12],3.107143,11.650000,1,8,0.005311,0.001467,0.005510,0.000116,0.000141,0.000183,0.005311,0.001467,-38.679352,-2.805899,-188.832111,-37.766422
Phase_12,Remove temp prop [Phase_12],3.214286,11.650000,1,8,0.005233,0.001451,0.005431,0.000115,0.000128,0.000172,0.005233,0.001451,-38.895645,-1.226901,-190.289880,-38.057976
Phase_12,Remove temp prop [Phase_12],3.321429,11.650000,1,8,0.005156,0.001436,0.005353,0.000113,0.000115,0.000161,0.005156,0.001436,-38.942644,0.343013,-191.656253,-38.331251
Phase_12,Remove temp prop [Phase_12],3.428571,11.650000,1,8,0.005080,0.001422,0.005275,0.000112,0.000103,0.000152,0.005080,0.001422,-38.820409,1.954418,-192.936977,-38.587395
Phase_12,Remove temp prop [Phase_12],3.428571,11.650000,1,9,0.005080,0.001422,0.005275,0.000112,0.000103,0.000152,0.005080,0.001422,-38.820409,1.993321,-192.947593,-38.589519
Phase_12,Remove temp prop [Phase_12],3.535714,11.650000,1,9,0.005004,0.001409,0.005198,0.000111,0.000091,0.000143,0.005004,0.001409,-38.522035,3.573757,-194.197449,-38.839490
Phase_12,Remove temp prop [Phase_12],3.642857,11.650000,1,9,0.004928,0.001396,0.005122,0.000109,0.000080,0.000135,0.004928,0.001396,-38.056389,5.097431,-195.391520,-39.078304
Phase_12,Remove temp prop [Phase_12],3.750000,11.650000,1,9,0.004853,0.001385,0.005047,0.000108,0.000069,0.000128,0.004853,0.001385,-37.432584,6.534036,-196.527223,-39.305445
Phase_12,Remove temp prop [Phase_12],3.857143,11.650000,1,9,0.004779,0.001374,0.004972,0.000107,0.000059,0.000122,0.004779,0.001374,-36.660669,7.853266,-197.601970,-39.520394
Phase_12,Remove temp prop [Phase_12],3.857143,11.650000,1,10,0.004779,0.001374,0.004972,0.000107,0.000059,0.000122,0.004779,0.001374,-36.660669,7.842219,-197.599427,-39.519885
Phase_12,Remove temp prop [Phase_12],3.964286,11.650000,1,10,0.004705,0.001365,0.004899,0.000105,0.000050,0.000117,0.004705,0.001365,-35.769130,8.766722,-198.566377,-39.713275
Phase_12,Remove temp prop [Phase_12],4.071429,11.650000,1,10,0.004631,0.001356,0.004825,0.000104,0.000041,0.000112,0.004631,0.001356,-34.789472,9.486798,-199.442063,-39.888413
Phase_12,Remove temp prop [Phase_12],4.178571,11.650000,1,10,0.004558,0.001349,0.004753,0.000103,0.000033,0.000108,0.004558,0.001349,-33.742422,10.020671,-200.227806,-40.045561
Phase_12,Remove temp prop [Phase_12],4.285714,11.650000,1,10,0.004485,0.001342,0.004681,0.000101,0.000025,0.000104,0.004485,0.001342,-32.648093,10.386561,-200.924926,-40.184985
Phase_12,Remove temp prop [Phase_12],4.285714,11.650000,1,11,0.004485,0.001342,0.004681,0.000101,0.000025,0.000104,0.004485,0.001342,-32.648093,10.403491,-200.930529,-40.186106
Phase_12,Remove temp prop [Phase_12],4.392857,11.650000,1,11,0.004413,0.001336,0.004611,0.000100,0.000018,0.000101,0.004413,0.001336,-31.519070,10.660972,-201.552894,-40.310579
Phase_12,Remove temp prop [Phase_12],4.500000,11.650000,1,11,0.004341,0.001331,0.004540,0.000098,0.000011,0.000099,0.004341,0.001331,-30.366781,10.829962,-202.110679,-40.422136
Phase_12,Remove temp prop [Phase_12],4.607143,11.650000,1,11,0.004269,0.001327,0.004471,0.000097,0.000005,0.000097,0.004269,0.001327,-29.200818,10.915170,-202.604664,-40.520933
Phase_12,Remove temp prop [Phase_12],4.714286,11.650000,1,11,0.004198,0.001324,0.004402,0.000096,-0.000001,0.000096,0.004198,0.001324,-28.030615,10.921309,-203.035632,-40.607126
Phase_12,Remove temp prop [Phase_12],4.714286,11.650000,1,12,0.004198,0.001324,0.004402,0.000096,-0.000001,0.000096,0.004198,0.001324,-28.030615,10.927904,-203.039491,-40.607898
Phase_12,Remove temp prop [Phase_12],4.821429,11.650000,1,12,0.004128,0.001322,0.004334,0.000094,-0.000006,0.000094,0.004128,0.001322,-26.862356,10.876426,-203.416936,-40.683387
Phase_12,Remove temp prop [Phase_12],4.928571,11.650000,1,12,0.004057,0.001320,0.004267,0.000093,-0.000012,0.000093,0.004057,0.001320,-25.701628,10.778599,-203.747590,-40.749518
Phase_12,Remove temp prop [Phase_12],5.035714,11.650000,1,12,0.003987,0.001319,0.004200,0.000091,-0.000016,0.000093,0.003987,0.001319,-24.553679,10.637169,-204.032066,-40.806413
Phase_12,Remove temp prop [Phase_12],5.142857,11.650000,1,12,0.003918,0.001318,0.004134,0.000090,-0.000020,0.000092,0.003918,0.001318,-23.423671,10.454884,-204.270979,-40.854196
Phase_12,Remove temp prop [Phase_12],5.142857,11.650000,1,13,0.003918,0.001318,0.004134,0.000090,-0.000020,0.000092,0.003918,0.001318,-23.423671,10.458369,-204.273696,-40.854739
Phase_12,Remove temp prop [Phase_12],5.250000,11.650000,1,13,0.003849,0.001318,0.004068,0.000088,-0.000024,0.000092,0.003849,0.001318,-22.314509,10.246599,-204.473680,-40.894736
Phase_12,Remove temp prop [Phase_12],5.357143,11.650000,1,13,0.003780,0.001319,0.004003,0.000087,-0.000028,0.000091,0.003780,0.001319,-21.228808,10.011978,-204.639613,-40.927923
Phase_12,Remove temp prop [Phase_12],5.464286,11.650000,1,13,0.003712,0.001320,0.003939,0.000086,-0.000031,0.000091,0.003712,0.001320,-20.169340,9.756327,-204.772007,-40.954401
Phase_12,Remove temp prop [Phase_12],5.571429,11.650000,1,13,0.003644,0.001321,0.003876,0.000084,-0.000034,0.000091,0.003644,0.001321,-19.138831,9.481469,-204.871375,-40.974275
Phase_12,Remove temp prop [Phase_12],5.571429,11.650000,1,14,0.003644,0.001321,0.003876,0.000084,-0.000034,0.000091,0.003644,0.001321,-19.138831,9.483436,-204.873352,-40.974670
Phase_12,Remove temp prop [Phase_12],5.678571,11.650000,1,14,0.003576,0.001323,0.003813,0.000083,-0.000037,0.000091,0.003576,0.001323,-18.138286,9.196007,-204.944519,-40.988904
Phase_12,Remove temp prop [Phase_12],5.785714,11.650000,1,14,0.003509,0.001325,0.003751,0.000081,-0.000040,0.000091,0.003509,0.001325,-17.168586,8.899934,-204.991120,-40.998224
Phase_12,Remove temp prop [Phase_12],5.892857,11.650000,1,14,0.003442,0.001327,0.003689,0.000080,-0.000042,0.000090,0.003442,0.001327,-16.230981,8.596458,-205.013601,-41.002720
Phase_12,Remove temp prop [Phase_12],6.000000,11.650000,1,14,0.003375,0.001330,0.003628,0.000079,-0.000044,0.000090,0.003375,0.001330,-15.326689,8.286818,-205.012408,-41.002482
Phase_12,Remove temp prop [Phase_12],6.000000,11.650000,1,15,0.003375,0.001330,0.003628,0.000079,-0.000044,0.000090,0.003375,0.001330,-15.326689,8.287903,-205.013877,-41.002775
Phase_12,Remove temp prop [Phase_12],6.107143,11.650000,1,15,0.003309,0.001333,0.003567,0.000077,-0.000046,0.000090,0.003309,0.001333,-14.455598,7.975991,-204.992610,-40.998522
Phase_12,Remove temp prop [Phase_12],6.214286,11.650000,1,15,0.003243,0.001336,0.003507,0.000076,-0.000048,0.000089,0.003243,0.001336,-13.617566,7.664035,-204.954015,-40.990803
Phase_12,Remove temp prop [Phase_12],6.321429,11.650000,1,15,0.003178,0.001339,0.003448,0.000074,-0.000049,0.000089,0.003178,0.001339,-12.812897,7.352871,-204.898490,-40.979698
Phase_12,Remove temp prop [Phase_12],6.428571,11.650000,1,15,0.003112,0.001342,0.003389,0.000073,-0.000050,0.000089,0.003112,0.001342,-12.041876,7.043339,-204.826430,-40.965286
Phase_12,Remove temp prop [Phase_12],6.428571,11.650000,1,16,0.003112,0.001342,0.003389,0.000073,-0.000050,0.000089,0.003112,0.001342,-12.041876,7.043877,-204.827531,-40.965506
Phase_12,Remove temp prop [Phase_12],6.535714,11.650000,1,16,0.003047,0.001345,0.003331,0.000071,-0.000051,0.000088,0.003047,0.001345,-11.303758,6.738150,-204.741658,-40.948332
Phase_12,Remove temp prop [Phase_12],6.642857,11.650000,1,16,0.002983,0.001349,0.003273,0.000070,-0.000052,0.000087,0.002983,0.001349,-10.597825,6.437347,-204.644061,-40.928812
Phase_12,Remove temp prop [Phase_12],6.750000,11.650000,1,16,0.002918,0.001352,0.003216,0.000069,-0.000053,0.000087,0.002918,0.001352,-9.923813,6.142021,-204.535094,-40.907019
Phase_12,Remove temp prop [Phase_12],6.857143,11.650000,1,16,0.002854,0.001356,0.003160,0.000067,-0.000054,0.000086,0.002854,0.001356,-9.281448,5.852726,-204.415113,-40.883023
Phase_12,Remove temp prop [Phase_12],6.857143,11.650000,1,17,0.002854,0.001356,0.003160,0.000067,-0.000054,0.000086,0.002854,0.001356,-9.281448,5.852977,-204.415944,-40.883189
Phase_12,Remove temp prop [Phase_12],6.964286,11.650000,1,17,0.002790,0.001360,0.003104,0.000066,-0.000055,0.000085,0.002790,0.001360,-8.669666,5.570740,-204.287015,-40.857403
Phase_12,Remove temp prop [Phase_12],7.071429,11.650000,1,17,0.002727,0.001363,0.003049,0.000064,-0.000055,0.000085,0.002727,0.001363,-8.087460,5.296070,-204.150732,-40.830146
Phase_12,Remove temp prop [Phase_12],7.178571,11.650000,1,17,0.002664,0.001367,0.002994,0.000063,-0.000055,0.000084,0.002664,0.001367,-7.534251,5.029264,-204.007412,-40.801482
Phase_12,Remove temp prop [Phase_12],7.285714,11.650000,1,17,0.002601,0.001370,0.002940,0.000061,-0.000056,0.000083,0.002601,0.001370,-7.009457,4.770620,-203.857371,-40.771474
Phase_12,Remove temp prop [Phase_12],7.285714,11.650000,1,18,0.002601,0.001370,0.002940,0.000061,-0.000056,0.000083,0.002601,0.001370,-7.009457,4.770678,-203.857993,-40.771599
Phase_12,Remove temp prop [Phase_12],7.392857,11.650000,1,18,0.002538,0.001374,0.002886,0.000060,-0.000056,0.000082,0.002538,0.001374,-6.511895,4.520641,-203.702807,-40.740561
Phase_12,Remove temp prop [Phase_12],7.500000,11.650000,1,18,0.002475,0.001378,0.002833,0.000059,-0.000056,0.000081,0.002475,0.001378,-6.040453,4.279174,-203.543680,-40.708736
Phase_12,Remove temp prop [Phase_12],7.607143,11.650000,1,18,0.002413,0.001381,0.002780,0.000057,-0.000056,0.000080,0.002413,0.001381,-5.594404,4.046459,-203.380896,-40.676179
Phase_12,Remove temp prop [Phase_12],7.714286,11.650000,1,18,0.002351,0.001384,0.002728,0.000056,-0.000056,0.000079,0.002351,0.001384,-5.173025,3.822680,-203.214739,-40.642948
Phase_12,Remove temp prop [Phase_12],7.714286,11.650000,1,19,0.002351,0.001384,0.002728,0.000056,-0.000056,0.000079,0.002351,0.001384,-5.173025,3.822583,-203.215199,-40.643040
Phase_12,Remove temp prop [Phase_12],7.821429,11.650000,1,19,0.002289,0.001388,0.002677,0.000054,-0.000056,0.000078,0.002289,0.001388,-4.775138,3.607718,-203.046861,-40.609372
Phase_12,Remove temp prop [Phase_12],7.928571,11.650000,1,19,0.002228,0.001391,0.002626,0.000053,-0.000056,0.000077,0.002228,0.001391,-4.399644,3.401454,-202.877249,-40.575450
Phase_12,Remove temp prop [Phase_12],8.035714,11.650000,1,19,0.002166,0.001394,0.002576,0.000052,-0.000056,0.000076,0.002166,0.001394,-4.045776,3.203890,-202.706616,-40.541323
Phase_12,Remove temp prop [Phase_12],8.142857,11.650000,1,19,0.002105,0.001397,0.002527,0.000050,-0.000056,0.000075,0.002105,0.001397,-3.712774,3.015128,-202.535214,-40.507043
Phase_12,Remove temp prop [Phase_12],8.142857,11.650000,1,20,0.002105,0.001397,0.002527,0.000050,-0.000056,0.000075,0.002105,0.001397,-3.712774,3.014948,-202.535552,-40.507110
Phase_12,Remove temp prop [Phase_12],8.250000,11.650000,1,20,0.002045,0.001400,0.002478,0.000049,-0.000055,0.000074,0.002045,0.001400,-3.399542,2.834693,-202.364276,-40.472855
Phase_12,Remove temp prop [Phase_12],8.357143,11.650000,1,20,0.001984,0.001403,0.002430,0.000047,-0.000055,0.000073,0.001984,0.001403,-3.105059,2.662484,-202.193803,-40.438761
Phase_12,Remove temp prop [Phase_12],8.464286,11.650000,1,20,0.001923,0.001406,0.002382,0.000046,-0.000055,0.000072,0.001923,0.001406,-2.828589,2.498367,-202.024356,-40.404871
Phase_12,Remove temp prop [Phase_12],8.571429,11.650000,1,20,0.001863,0.001409,0.002336,0.000045,-0.000055,0.000070,0.001863,0.001409,-2.569398,2.342382,-201.856159,-40.371232
Phase_12,Remove temp prop [Phase_12],8.571429,11.650000,1,21,0.001863,0.001409,0.002336,0.000045,-0.000055,0.000070,0.001863,0.001409,-2.569398,2.342163,-201.856403,-40.371281
Phase_12,Remove temp prop [Phase_12],8.678571,11.650000,1,21,0.001803,0.001411,0.002290,0.000043,-0.000054,0.000069,0.001803,0.001411,-2.326514,2.193872,-201.690118,-40.338024
Phase_12,Remove temp prop [Phase_12],8.785714,11.650000,1,21,0.001743,0.001414,0.002244,0.000042,-0.000054,0.000068,0.001743,0.001414,-2.099031,2.052752,-201.526247,-40.305249
Phase_12,Remove temp prop [Phase_12],8.892857,11.650000,1,21,0.001683,0.001416,0.002200,0.000040,-0.000054,0.000067,0.001683,0.001416,-1.886281,1.918809,-201.364984,-40.272997
Phase_12,Remove temp prop [Phase_12],9.000000,11.650000,1,21,0.001624,0.001419,0.002156,0.000039,-0.000053,0.000066,0.001624,0.001419,-1.687596,1.792052,-201.206521,-40.241304
Phase_12,Remove temp prop [Phase_12],9.000000,11.650000,1,22,0.001624,0.001419,0.002156,0.000039,-0.000053,0.000066,0.001624,0.001419,-1.687596,1.791817,-201.206695,-40.241339
Phase_12,Remove temp prop [Phase_12],9.107143,11.650000,1,22,0.001564,0.001421,0.002113,0.000038,-0.000053,0.000065,0.001564,0.001421,-1.502145,1.671739,-201.051520,-40.210304
Phase_12,Remove temp prop [Phase_12],9.214286,11.650000,1,22,0.001505,0.001423,0.002071,0.000036,-0.000053,0.000064,0.001505,0.001423,-1.329151,1.557804,-200.900000,-40.180000
Phase_12,Remove temp prop [Phase_12],9.321429,11.650000,1,22,0.001446,0.001425,0.002030,0.000035,-0.000052,0.000063,0.001446,0.001425,-1.168034,1.450001,-200.752298,-40.150460
Phase_12,Remove temp prop [Phase_12],9.428571,11.650000,1,22,0.001387,0.001427,0.001990,0.000033,-0.000052,0.000062,0.001387,0.001427,-1.018214,1.348316,-200.608580,-40.121716
Phase_12,Remove temp prop [Phase_12],9.428571,11.650000,1,23,0.001387,0.001427,0.001990,0.000033,-0.000052,0.000062,0.001387,0.001427,-1.018214,1.348093,-200.608701,-40.121740
Phase_12,Remove temp prop [Phase_12],9.535714,11.650000,1,23,0.001328,0.001429,0.001951,0.000032,-0.000051,0.000061,0.001328,0.001429,-0.879001,1.251990,-200.469321,-40.093864
Phase_12,Remove temp prop [Phase_12],9.642857,11.650000,1,23,0.001269,0.001431,0.001913,0.000031,-0.000051,0.000060,0.001269,0.001431,-0.749752,1.160982,-200.334538,-40.066908
Phase_12,Remove temp prop [Phase_12],9.750000,11.650000,1,23,0.001211,0.001433,0.001876,0.000029,-0.000051,0.000059,0.001211,0.001433,-0.629981,1.075029,-200.204493,-40.040899
Phase_12,Remove temp prop [Phase_12],9.857143,11.650000,1,23,0.001152,0.001434,0.001840,0.000028,-0.000050,0.000058,0.001152,0.001434,-0.519207,0.994090,-200.079325,-40.015865
Phase_12,Remove temp prop [Phase_12],9.857143,11.650000,1,24,0.001152,0.001434,0.001840,0.000028,-0.000050,0.000058,0.001152,0.001434,-0.519207,0.993894,-200.079405,-40.015881
Phase_12,Remove temp prop [Phase_12],9.964286,11.650000,1,24,0.001094,0.001436,0.001805,0.000026,-0.000050,0.000057,0.001094,0.001436,-0.416871,0.917477,-199.959359,-39.991872
Phase_12,Remove temp prop [Phase_12],10.071429,11.650000,1,24,0.001036,0.001438,0.001772,0.000025,-0.000050,0.000056,0.001036,0.001438,-0.322462,0.845120,-199.844623,-39.968925
Phase_12,Remove temp prop [Phase_12],10.178571,11.650000,1,24,0.000978,0.001439,0.001740,0.000024,-0.000049,0.000055,0.000978,0.001439,-0.235589,0.776773,-199.735308,-39.947062
Phase_12,Remove temp prop [Phase_12],10.285714,11.650000,1,24,0.000920,0.001440,0.001709,0.000022,-0.000049,0.000054,0.000920,0.001440,-0.155867,0.712387,-199.631527,-39.926305
Phase_12,Remove temp prop [Phase_12],10.285714,11.650000,1,25,0.000920,0.001440,0.001709,0.000022,-0.000049,0.000054,0.000920,0.001440,-0.155867,0.712208,-199.631580,-39.926316
Phase_12,Remove temp prop [Phase_12],10.392857,11.650000,1,25,0.000862,0.001441,0.001679,0.000021,-0.000049,0.000053,0.000862,0.001441,-0.082864,0.651325,-199.533502,-39.906700
Phase_12,Remove temp prop [Phase_12],10.500000,11.650000,1,25,0.000804,0.001443,0.001651,0.000019,-0.000049,0.000052,0.000804,0.001443,-0.016189,0.593520,-199.441256,-39.888251
Phase_12,Remove temp prop [Phase_12],10.607143,11.650000,1,25,0.000746,0.001444,0.001625,0.000018,-0.000048,0.000052,0.000746,0.001444,0.044456,0.538740,-199.354929,-39.870986
Phase_12,Remove temp prop [Phase_12],10.714286,11.650000,1,25,0.000689,0.001445,0.001600,0.000017,-0.000048,0.000051,0.000689,0.001445,0.099363,0.486930,-199.274606,-39.854921
Phase_12,Remove temp prop [Phase_12],10.714286,11.650000,1,26,0.000689,0.001445,0.001600,0.000017,-0.000048,0.000051,0.000689,0.001445,0.099363,0.486766,-199.274639,-39.854928
Phase_12,Remove temp prop [Phase_12],10.821429,11.650000,1,26,0.000631,0.001445,0.001577,0.000015,-0.000048,0.000050,0.000631,0.001445,0.148847,0.437508,-199.200433,-39.840087
Phase_12,Remove temp prop [Phase_12],10.928571,11.650000,1,26,0.000573,0.001446,0.001556,0.000014,-0.000048,0.000050,0.000573,0.001446,0.193190,0.390407,-199.132427,-39.826485
Phase_12,Remove temp prop [Phase_12],11.035714,11.650000,1,26,0.000516,0.001447,0.001536,0.000012,-0.000048,0.000049,0.000516,0.001447,0.232600,0.345410,-199.070683,-39.814137
Phase_12,Remove temp prop [Phase_12],11.142857,11.650000,1,26,0.000458,0.001448,0.001518,0.000011,-0.000047,0.000049,0.000458,0.001448,0.267281,0.302461,-199.015263,-39.803053
Phase_12,Remove temp prop [Phase_12],11.142857,11.650000,1,27,0.000458,0.001448,0.001518,0.000011,-0.000047,0.000049,0.000458,0.001448,0.267281,0.302307,-199.015283,-39.803057
Phase_12,Remove temp prop [Phase_12],11.250000,11.650000,1,27,0.000401,0.001448,0.001503,0.000010,-0.000047,0.000048,0.000401,0.001448,0.297441,0.261021,-198.966253,-39.793251
Phase_12,Remove temp prop [Phase_12],11.357143,11.650000,1,27,0.000344,0.001449,0.001489,0.000008,-0.000047,0.000048,0.000344,0.001449,0.323259,0.221025,-198.923665,-39.784733
Phase_12,Remove temp prop [Phase_12],11.464286,11.650000,1,27,0.000286,0.001449,0.001477,0.000007,-0.000047,0.000047,0.000286,0.001449,0.344859,0.182266,-198.887556,-39.777511
Phase_12,Remove temp prop [Phase_12],11.571429,11.650000,1,27,0.000229,0.001449,0.001467,0.000006,-0.000047,0.000047,0.000229,0.001449,0.362360,0.144692,-198.857962,-39.771592
Phase_12,Remove temp prop [Phase_12],11.571429,11.650000,1,28,0.000229,0.001449,0.001467,0.000006,-0.000047,0.000047,0.000229,0.001449,0.362360,0.144542,-198.857971,-39.771594
Phase_12,Remove temp prop [Phase_12],11.678571,11.650000,1,28,0.000172,0.001450,0.001460,0.000004,-0.000047,0.000047,0.000172,0.001450,0.375870,0.107788,-198.834924,-39.766985
Phase_12,Remove temp prop [Phase_12],11.785714,11.650000,1,28,0.000114,0.001450,0.001454,0.000003,-0.000047,0.000047,0.000114,0.001450,0.385472,0.071492,-198.818448,-39.763690
Phase_12,Remove temp prop [Phase_12],11.892857,11.650000,1,28,0.000057,0.001450,0.001451,0.000001,-0.000047,0.000047,0.000057,0.001450,0.391208,0.035604,-198.808554,-39.761711
Phase_12,Remove temp prop [Phase_12],12.000000,11.650000,1,28,0.000000,0.001450,0.001450,0.000000,-0.000047,0.000047,0.000000,0.001450,0.393116,0.000075,-198.805254,-39.761051
